timestamp,frame,person_id,reason,image_path,helmet_conf,vest_conf

























2025-09-24 21:47:47,1,3,low_conf_ppe,review\review_20250924_214747_f1_id3.jpg,0.225,0.109
2025-09-24 21:47:48,2,3,low_conf_ppe,review\review_20250924_214748_f2_id3.jpg,0.361,0.17
2025-09-24 21:47:48,4,3,low_conf_ppe,review\review_20250924_214748_f4_id3.jpg,0.505,0.133
2025-09-24 21:47:48,5,3,low_conf_ppe,review\review_20250924_214748_f5_id3.jpg,0.541,0.086
2025-09-24 21:47:48,6,4,low_conf_ppe,review\review_20250924_214748_f6_id4.jpg,0.58,0.097
2025-09-24 21:47:48,6,3,low_conf_ppe,review\review_20250924_214748_f6_id3.jpg,0.566,0.056
2025-09-24 21:47:48,7,4,low_conf_ppe,review\review_20250924_214748_f7_id4.jpg,0.58,0.152
2025-09-24 21:47:48,7,3,low_conf_ppe,review\review_20250924_214748_f7_id3.jpg,0.584,0.036
2025-09-24 21:47:48,8,4,low_conf_ppe,review\review_20250924_214748_f8_id4.jpg,0.569,0.099
2025-09-24 21:47:48,8,3,low_conf_ppe,review\review_20250924_214748_f8_id3.jpg,0.593,0.024
2025-09-24 21:47:48,9,4,low_conf_ppe,review\review_20250924_214748_f9_id4.jpg,0.588,0.064
2025-09-24 21:47:48,9,3,low_conf_ppe,review\review_20250924_214748_f9_id3.jpg,0.587,0.108
2025-09-24 21:47:48,10,4,low_conf_ppe,review\review_20250924_214748_f10_id4.jpg,0.62,0.042
2025-09-24 21:47:49,10,3,low_conf_ppe,review\review_20250924_214748_f10_id3.jpg,0.581,0.163
2025-09-24 21:47:49,20,4,low_conf_ppe,review\review_20250924_214749_f20_id4.jpg,0.186,0.0
2025-09-24 21:47:50,26,17,low_conf_ppe,review\review_20250924_214750_f26_id17.jpg,0.098,0.0
2025-09-24 21:47:50,28,1,low_conf_ppe,review\review_20250924_214750_f28_id1.jpg,0.75,0.111
2025-09-24 21:47:50,29,1,low_conf_ppe,review\review_20250924_214750_f29_id1.jpg,0.77,0.072
2025-09-24 21:47:50,30,17,low_conf_ppe,review\review_20250924_214750_f30_id17.jpg,0.0,0.094
2025-09-24 21:47:50,30,1,low_conf_ppe,review\review_20250924_214750_f30_id1.jpg,0.76,0.047
2025-09-24 21:47:50,31,17,low_conf_ppe,review\review_20250924_214750_f31_id17.jpg,0.0,0.164
2025-09-24 21:47:50,31,1,low_conf_ppe,review\review_20250924_214750_f31_id1.jpg,0.762,0.031
2025-09-24 21:47:51,32,1,low_conf_ppe,review\review_20250924_214751_f32_id1.jpg,0.763,0.02
2025-09-24 21:47:51,33,1,low_conf_ppe,review\review_20250924_214751_f33_id1.jpg,0.77,0.013
2025-09-24 21:47:51,34,17,low_conf_ppe,review\review_20250924_214751_f34_id17.jpg,0.0,0.156
2025-09-24 21:47:51,34,1,low_conf_ppe,review\review_20250924_214751_f34_id1.jpg,0.775,0.008
2025-09-24 21:47:51,35,17,low_conf_ppe,review\review_20250924_214751_f35_id17.jpg,0.0,0.101
2025-09-24 21:47:51,35,1,low_conf_ppe,review\review_20250924_214751_f35_id1.jpg,0.775,0.005
2025-09-24 21:47:51,36,1,low_conf_ppe,review\review_20250924_214751_f36_id1.jpg,0.776,0.004
2025-09-24 21:47:51,37,1,low_conf_ppe,review\review_20250924_214751_f37_id1.jpg,0.771,0.002
2025-09-24 21:47:51,38,1,low_conf_ppe,review\review_20250924_214751_f38_id1.jpg,0.784,0.001
2025-09-24 21:47:51,39,3,low_conf_ppe,review\review_20250924_214751_f39_id3.jpg,0.521,0.133
2025-09-24 21:47:51,39,1,low_conf_ppe,review\review_20250924_214751_f39_id1.jpg,0.785,0.001
2025-09-24 21:47:51,40,3,low_conf_ppe,review\review_20250924_214751_f40_id3.jpg,0.51,0.086
2025-09-24 21:47:51,40,1,low_conf_ppe,review\review_20250924_214751_f40_id1.jpg,0.785,0.001
2025-09-24 21:47:51,41,3,low_conf_ppe,review\review_20250924_214751_f41_id3.jpg,0.496,0.056
2025-09-24 21:47:51,41,1,low_conf_ppe,review\review_20250924_214751_f41_id1.jpg,0.794,0.0
2025-09-24 21:47:52,42,3,low_conf_ppe,review\review_20250924_214752_f42_id3.jpg,0.495,0.037
2025-09-24 21:47:52,42,1,low_conf_ppe,review\review_20250924_214752_f42_id1.jpg,0.786,0.0
2025-09-24 21:47:52,43,3,low_conf_ppe,review\review_20250924_214752_f43_id3.jpg,0.497,0.024
2025-09-24 21:47:52,43,1,low_conf_ppe,review\review_20250924_214752_f43_id1.jpg,0.763,0.0
2025-09-24 21:47:52,44,3,low_conf_ppe,review\review_20250924_214752_f44_id3.jpg,0.496,0.015
2025-09-24 21:47:52,44,1,low_conf_ppe,review\review_20250924_214752_f44_id1.jpg,0.769,0.0
2025-09-24 21:47:52,45,3,low_conf_ppe,review\review_20250924_214752_f45_id3.jpg,0.491,0.01
2025-09-24 21:47:52,45,1,low_conf_ppe,review\review_20250924_214752_f45_id1.jpg,0.773,0.0
2025-09-24 21:47:52,46,3,low_conf_ppe,review\review_20250924_214752_f46_id3.jpg,0.493,0.007
2025-09-24 21:47:52,46,1,low_conf_ppe,review\review_20250924_214752_f46_id1.jpg,0.779,0.0
2025-09-24 21:47:52,47,3,low_conf_ppe,review\review_20250924_214752_f47_id3.jpg,0.494,0.004
2025-09-24 21:47:52,47,1,low_conf_ppe,review\review_20250924_214752_f47_id1.jpg,0.78,0.0
2025-09-24 21:47:52,48,3,low_conf_ppe,review\review_20250924_214752_f48_id3.jpg,0.492,0.003
2025-09-24 21:47:52,48,1,low_conf_ppe,review\review_20250924_214752_f48_id1.jpg,0.763,0.0
2025-09-24 21:47:52,49,3,low_conf_ppe,review\review_20250924_214752_f49_id3.jpg,0.499,0.002
2025-09-24 21:47:52,49,1,low_conf_ppe,review\review_20250924_214752_f49_id1.jpg,0.759,0.0
2025-09-24 21:47:52,50,3,low_conf_ppe,review\review_20250924_214752_f50_id3.jpg,0.5,0.001
2025-09-24 21:47:52,50,1,low_conf_ppe,review\review_20250924_214752_f50_id1.jpg,0.758,0.0
2025-09-24 21:47:53,51,1,low_conf_ppe,review\review_20250924_214753_f51_id1.jpg,0.754,0.095
2025-09-24 21:47:53,51,3,low_conf_ppe,review\review_20250924_214753_f51_id3.jpg,0.498,0.001
2025-09-24 21:47:53,52,1,low_conf_ppe,review\review_20250924_214753_f52_id1.jpg,0.754,0.159
2025-09-24 21:47:53,52,3,low_conf_ppe,review\review_20250924_214753_f52_id3.jpg,0.503,0.0
2025-09-24 21:47:53,53,3,low_conf_ppe,review\review_20250924_214753_f53_id3.jpg,0.512,0.0
2025-09-24 21:47:53,53,1,low_conf_ppe,review\review_20250924_214753_f53_id1.jpg,0.757,0.103
2025-09-24 21:47:53,54,3,low_conf_ppe,review\review_20250924_214753_f54_id3.jpg,0.515,0.0
2025-09-24 21:47:53,54,1,low_conf_ppe,review\review_20250924_214753_f54_id1.jpg,0.758,0.16
2025-09-24 21:47:53,55,3,low_conf_ppe,review\review_20250924_214753_f55_id3.jpg,0.527,0.0
2025-09-24 21:47:53,56,3,low_conf_ppe,review\review_20250924_214753_f56_id3.jpg,0.544,0.0
2025-09-24 21:47:53,57,3,low_conf_ppe,review\review_20250924_214753_f57_id3.jpg,0.552,0.0
2025-09-24 21:47:53,58,3,low_conf_ppe,review\review_20250924_214753_f58_id3.jpg,0.569,0.0
2025-09-24 21:47:53,59,3,low_conf_ppe,review\review_20250924_214753_f59_id3.jpg,0.58,0.0
2025-09-24 21:47:53,60,3,low_conf_ppe,review\review_20250924_214753_f60_id3.jpg,0.601,0.095
2025-09-24 21:47:54,61,3,low_conf_ppe,review\review_20250924_214754_f61_id3.jpg,0.62,0.172
2025-09-24 21:47:54,62,4,low_conf_ppe,review\review_20250924_214754_f62_id4.jpg,0.0,0.17
2025-09-24 21:47:54,62,1,low_conf_ppe,review\review_20250924_214754_f62_id1.jpg,0.789,0.134
2025-09-24 21:47:54,63,1,low_conf_ppe,review\review_20250924_214754_f63_id1.jpg,0.791,0.087
2025-09-24 21:47:54,64,1,low_conf_ppe,review\review_20250924_214754_f64_id1.jpg,0.791,0.057
2025-09-24 21:47:54,65,1,low_conf_ppe,review\review_20250924_214754_f65_id1.jpg,0.791,0.037
2025-09-24 21:47:54,66,1,low_conf_ppe,review\review_20250924_214754_f66_id1.jpg,0.795,0.024
2025-09-24 21:47:54,67,1,low_conf_ppe,review\review_20250924_214754_f67_id1.jpg,0.802,0.016
2025-09-24 21:47:54,68,1,low_conf_ppe,review\review_20250924_214754_f68_id1.jpg,0.805,0.01
2025-09-24 21:47:54,69,1,low_conf_ppe,review\review_20250924_214754_f69_id1.jpg,0.799,0.007
2025-09-24 21:47:54,70,1,low_conf_ppe,review\review_20250924_214754_f70_id1.jpg,0.801,0.004
2025-09-24 21:47:55,71,1,low_conf_ppe,review\review_20250924_214755_f71_id1.jpg,0.786,0.13
2025-09-24 21:47:55,73,1,low_conf_ppe,review\review_20250924_214755_f73_id1.jpg,0.783,0.136
2025-09-24 21:47:55,74,1,low_conf_ppe,review\review_20250924_214755_f74_id1.jpg,0.784,0.088
2025-09-24 21:47:55,75,1,low_conf_ppe,review\review_20250924_214755_f75_id1.jpg,0.797,0.057
2025-09-24 21:47:55,76,1,low_conf_ppe,review\review_20250924_214755_f76_id1.jpg,0.789,0.037
2025-09-24 21:47:55,77,1,low_conf_ppe,review\review_20250924_214755_f77_id1.jpg,0.773,0.024
2025-09-24 21:47:55,78,1,low_conf_ppe,review\review_20250924_214755_f78_id1.jpg,0.764,0.016
2025-09-24 21:47:55,79,1,low_conf_ppe,review\review_20250924_214755_f79_id1.jpg,0.78,0.01
2025-09-24 21:47:55,80,1,low_conf_ppe,review\review_20250924_214755_f80_id1.jpg,0.777,0.007
2025-09-24 21:47:56,81,1,low_conf_ppe,review\review_20250924_214756_f81_id1.jpg,0.779,0.004
2025-09-24 21:47:56,82,1,low_conf_ppe,review\review_20250924_214756_f82_id1.jpg,0.785,0.003
2025-09-24 21:47:56,83,1,low_conf_ppe,review\review_20250924_214756_f83_id1.jpg,0.784,0.002
2025-09-24 21:47:56,84,1,low_conf_ppe,review\review_20250924_214756_f84_id1.jpg,0.78,0.001
2025-09-24 21:47:56,85,1,low_conf_ppe,review\review_20250924_214756_f85_id1.jpg,0.775,0.001
2025-09-24 21:47:56,86,1,low_conf_ppe,review\review_20250924_214756_f86_id1.jpg,0.776,0.001
2025-09-24 21:47:56,87,1,low_conf_ppe,review\review_20250924_214756_f87_id1.jpg,0.783,0.0
2025-09-24 21:47:56,88,1,low_conf_ppe,review\review_20250924_214756_f88_id1.jpg,0.785,0.0
2025-09-24 21:47:56,89,1,low_conf_ppe,review\review_20250924_214756_f89_id1.jpg,0.788,0.0
2025-09-24 21:47:56,90,1,low_conf_ppe,review\review_20250924_214756_f90_id1.jpg,0.796,0.0
2025-09-24 21:47:57,91,1,low_conf_ppe,review\review_20250924_214756_f91_id1.jpg,0.796,0.0
2025-09-24 21:47:57,92,1,low_conf_ppe,review\review_20250924_214757_f92_id1.jpg,0.793,0.0
2025-09-24 21:47:57,93,1,low_conf_ppe,review\review_20250924_214757_f93_id1.jpg,0.788,0.0
2025-09-24 21:47:57,94,1,low_conf_ppe,review\review_20250924_214757_f94_id1.jpg,0.796,0.0
2025-09-24 21:47:57,95,1,low_conf_ppe,review\review_20250924_214757_f95_id1.jpg,0.801,0.0
2025-09-24 21:47:57,96,1,low_conf_ppe,review\review_20250924_214757_f96_id1.jpg,0.794,0.0
2025-09-24 21:47:57,97,4,low_conf_ppe,review\review_20250924_214757_f97_id4.jpg,0.0,0.088
2025-09-24 21:47:57,97,1,low_conf_ppe,review\review_20250924_214757_f97_id1.jpg,0.787,0.0
2025-09-24 21:47:57,98,4,low_conf_ppe,review\review_20250924_214757_f98_id4.jpg,0.0,0.057
2025-09-24 21:47:57,98,1,low_conf_ppe,review\review_20250924_214757_f98_id1.jpg,0.79,0.0
2025-09-24 21:47:57,99,1,low_conf_ppe,review\review_20250924_214757_f99_id1.jpg,0.781,0.0
2025-09-24 21:47:57,100,1,low_conf_ppe,review\review_20250924_214757_f100_id1.jpg,0.789,0.0
2025-09-24 21:47:57,101,1,low_conf_ppe,review\review_20250924_214757_f101_id1.jpg,0.782,0.0
2025-09-24 21:47:58,102,1,low_conf_ppe,review\review_20250924_214758_f102_id1.jpg,0.773,0.0
2025-09-24 21:47:58,103,1,low_conf_ppe,review\review_20250924_214758_f103_id1.jpg,0.775,0.0
2025-09-24 21:47:58,104,1,low_conf_ppe,review\review_20250924_214758_f104_id1.jpg,0.769,0.0
2025-09-24 21:47:58,105,1,low_conf_ppe,review\review_20250924_214758_f105_id1.jpg,0.78,0.0
2025-09-24 21:47:58,106,1,low_conf_ppe,review\review_20250924_214758_f106_id1.jpg,0.779,0.0
2025-09-24 21:47:58,107,1,low_conf_ppe,review\review_20250924_214758_f107_id1.jpg,0.784,0.0
2025-09-24 21:47:58,108,1,low_conf_ppe,review\review_20250924_214758_f108_id1.jpg,0.786,0.0
2025-09-24 21:47:58,109,1,low_conf_ppe,review\review_20250924_214758_f109_id1.jpg,0.794,0.0
2025-09-24 21:47:58,110,1,low_conf_ppe,review\review_20250924_214758_f110_id1.jpg,0.804,0.0
2025-09-24 21:47:58,111,1,low_conf_ppe,review\review_20250924_214758_f111_id1.jpg,0.804,0.0
2025-09-24 21:47:59,112,1,low_conf_ppe,review\review_20250924_214759_f112_id1.jpg,0.806,0.0
2025-09-24 21:47:59,113,1,low_conf_ppe,review\review_20250924_214759_f113_id1.jpg,0.801,0.0
2025-09-24 21:47:59,114,1,low_conf_ppe,review\review_20250924_214759_f114_id1.jpg,0.801,0.0
2025-09-24 21:47:59,115,1,low_conf_ppe,review\review_20250924_214759_f115_id1.jpg,0.804,0.0
2025-09-24 21:47:59,116,1,low_conf_ppe,review\review_20250924_214759_f116_id1.jpg,0.811,0.0
2025-09-24 21:47:59,117,1,low_conf_ppe,review\review_20250924_214759_f117_id1.jpg,0.813,0.0
2025-09-24 21:47:59,118,1,low_conf_ppe,review\review_20250924_214759_f118_id1.jpg,0.813,0.0
2025-09-24 21:47:59,119,1,low_conf_ppe,review\review_20250924_214759_f119_id1.jpg,0.826,0.0
2025-09-24 21:47:59,120,1,low_conf_ppe,review\review_20250924_214759_f120_id1.jpg,0.819,0.0
2025-09-24 21:47:59,121,3,low_conf_ppe,review\review_20250924_214759_f121_id3.jpg,0.163,0.613
2025-09-24 21:47:59,121,1,low_conf_ppe,review\review_20250924_214759_f121_id1.jpg,0.817,0.0
2025-09-24 21:48:00,122,3,low_conf_ppe,review\review_20250924_214759_f122_id3.jpg,0.106,0.626
2025-09-24 21:48:00,122,1,low_conf_ppe,review\review_20250924_214800_f122_id1.jpg,0.815,0.0
2025-09-24 21:48:00,123,3,low_conf_ppe,review\review_20250924_214800_f123_id3.jpg,0.069,0.635
2025-09-24 21:48:00,123,1,low_conf_ppe,review\review_20250924_214800_f123_id1.jpg,0.816,0.0
2025-09-24 21:48:00,124,3,low_conf_ppe,review\review_20250924_214800_f124_id3.jpg,0.045,0.64
2025-09-24 21:48:00,124,1,low_conf_ppe,review\review_20250924_214800_f124_id1.jpg,0.824,0.0
2025-09-24 21:48:00,125,3,low_conf_ppe,review\review_20250924_214800_f125_id3.jpg,0.029,0.641
2025-09-24 21:48:00,125,1,low_conf_ppe,review\review_20250924_214800_f125_id1.jpg,0.811,0.0
2025-09-24 21:48:00,126,3,low_conf_ppe,review\review_20250924_214800_f126_id3.jpg,0.019,0.644
2025-09-24 21:48:00,126,1,low_conf_ppe,review\review_20250924_214800_f126_id1.jpg,0.821,0.0
2025-09-24 21:48:00,127,3,low_conf_ppe,review\review_20250924_214800_f127_id3.jpg,0.012,0.642
2025-09-24 21:48:00,127,1,low_conf_ppe,review\review_20250924_214800_f127_id1.jpg,0.824,0.0
2025-09-24 21:48:00,128,3,low_conf_ppe,review\review_20250924_214800_f128_id3.jpg,0.008,0.643
2025-09-24 21:48:00,128,1,low_conf_ppe,review\review_20250924_214800_f128_id1.jpg,0.815,0.0
2025-09-24 21:48:00,129,3,low_conf_ppe,review\review_20250924_214800_f129_id3.jpg,0.005,0.418
2025-09-24 21:48:00,129,1,low_conf_ppe,review\review_20250924_214800_f129_id1.jpg,0.816,0.0
2025-09-24 21:48:00,130,3,low_conf_ppe,review\review_20250924_214800_f130_id3.jpg,0.003,0.495
2025-09-24 21:48:00,130,1,low_conf_ppe,review\review_20250924_214800_f130_id1.jpg,0.812,0.0
2025-09-24 21:48:00,131,3,low_conf_ppe,review\review_20250924_214800_f131_id3.jpg,0.002,0.543
2025-09-24 21:48:01,131,1,low_conf_ppe,review\review_20250924_214800_f131_id1.jpg,0.808,0.0
2025-09-24 21:48:01,132,3,low_conf_ppe,review\review_20250924_214801_f132_id3.jpg,0.001,0.578
2025-09-24 21:48:01,132,1,low_conf_ppe,review\review_20250924_214801_f132_id1.jpg,0.8,0.0
2025-09-24 21:48:01,133,3,low_conf_ppe,review\review_20250924_214801_f133_id3.jpg,0.001,0.601
2025-09-24 21:48:01,133,1,low_conf_ppe,review\review_20250924_214801_f133_id1.jpg,0.799,0.0
2025-09-24 21:48:01,134,3,low_conf_ppe,review\review_20250924_214801_f134_id3.jpg,0.001,0.597
2025-09-24 21:48:01,134,1,low_conf_ppe,review\review_20250924_214801_f134_id1.jpg,0.803,0.0
2025-09-24 21:48:01,135,3,low_conf_ppe,review\review_20250924_214801_f135_id3.jpg,0.0,0.597
2025-09-24 21:48:01,135,1,low_conf_ppe,review\review_20250924_214801_f135_id1.jpg,0.797,0.0
2025-09-24 21:48:01,136,3,low_conf_ppe,review\review_20250924_214801_f136_id3.jpg,0.0,0.604
2025-09-24 21:48:01,136,1,low_conf_ppe,review\review_20250924_214801_f136_id1.jpg,0.805,0.0
2025-09-24 21:48:01,137,3,low_conf_ppe,review\review_20250924_214801_f137_id3.jpg,0.0,0.608
2025-09-24 21:48:01,137,1,low_conf_ppe,review\review_20250924_214801_f137_id1.jpg,0.8,0.0
2025-09-24 21:48:01,138,3,low_conf_ppe,review\review_20250924_214801_f138_id3.jpg,0.0,0.616
2025-09-24 21:48:01,138,1,low_conf_ppe,review\review_20250924_214801_f138_id1.jpg,0.797,0.0
2025-09-24 21:48:01,139,3,low_conf_ppe,review\review_20250924_214801_f139_id3.jpg,0.0,0.622
2025-09-24 21:48:01,139,1,low_conf_ppe,review\review_20250924_214801_f139_id1.jpg,0.787,0.0
2025-09-24 21:48:02,140,3,low_conf_ppe,review\review_20250924_214802_f140_id3.jpg,0.0,0.633
2025-09-24 21:48:02,140,1,low_conf_ppe,review\review_20250924_214802_f140_id1.jpg,0.785,0.0
2025-09-24 21:48:02,141,3,low_conf_ppe,review\review_20250924_214802_f141_id3.jpg,0.0,0.635
2025-09-24 21:48:02,141,1,low_conf_ppe,review\review_20250924_214802_f141_id1.jpg,0.787,0.0
2025-09-24 21:48:02,142,3,low_conf_ppe,review\review_20250924_214802_f142_id3.jpg,0.0,0.634
2025-09-24 21:48:02,142,1,low_conf_ppe,review\review_20250924_214802_f142_id1.jpg,0.787,0.0
2025-09-24 21:48:02,143,3,low_conf_ppe,review\review_20250924_214802_f143_id3.jpg,0.0,0.63
2025-09-24 21:48:02,143,1,low_conf_ppe,review\review_20250924_214802_f143_id1.jpg,0.783,0.0
2025-09-24 21:48:02,144,3,low_conf_ppe,review\review_20250924_214802_f144_id3.jpg,0.0,0.629
2025-09-24 21:48:02,144,1,low_conf_ppe,review\review_20250924_214802_f144_id1.jpg,0.778,0.0
2025-09-24 21:48:02,145,3,low_conf_ppe,review\review_20250924_214802_f145_id3.jpg,0.0,0.632
2025-09-24 21:48:02,145,1,low_conf_ppe,review\review_20250924_214802_f145_id1.jpg,0.778,0.0
2025-09-24 21:48:02,146,3,low_conf_ppe,review\review_20250924_214802_f146_id3.jpg,0.0,0.641
2025-09-24 21:48:02,146,1,low_conf_ppe,review\review_20250924_214802_f146_id1.jpg,0.777,0.0
2025-09-24 21:48:02,147,3,low_conf_ppe,review\review_20250924_214802_f147_id3.jpg,0.0,0.647
2025-09-24 21:48:02,147,1,low_conf_ppe,review\review_20250924_214802_f147_id1.jpg,0.79,0.0
2025-09-24 21:48:02,148,3,low_conf_ppe,review\review_20250924_214802_f148_id3.jpg,0.0,0.641
2025-09-24 21:48:02,148,36,low_conf_ppe,review\review_20250924_214802_f148_id36.jpg,0.0,0.13
2025-09-24 21:48:02,148,1,low_conf_ppe,review\review_20250924_214802_f148_id1.jpg,0.786,0.0
2025-09-24 21:48:03,149,3,low_conf_ppe,review\review_20250924_214802_f149_id3.jpg,0.0,0.625
2025-09-24 21:48:03,149,1,low_conf_ppe,review\review_20250924_214803_f149_id1.jpg,0.781,0.0
2025-09-24 21:48:03,150,3,low_conf_ppe,review\review_20250924_214803_f150_id3.jpg,0.0,0.626
2025-09-24 21:48:03,150,1,low_conf_ppe,review\review_20250924_214803_f150_id1.jpg,0.791,0.0
2025-09-24 21:48:03,151,3,low_conf_ppe,review\review_20250924_214803_f151_id3.jpg,0.0,0.63
2025-09-24 21:48:03,151,1,low_conf_ppe,review\review_20250924_214803_f151_id1.jpg,0.795,0.0
2025-09-24 21:48:03,152,3,low_conf_ppe,review\review_20250924_214803_f152_id3.jpg,0.119,0.632
2025-09-24 21:48:03,152,1,low_conf_ppe,review\review_20250924_214803_f152_id1.jpg,0.797,0.0
2025-09-24 21:48:03,152,36,low_conf_ppe,review\review_20250924_214803_f152_id36.jpg,0.098,0.117
2025-09-24 21:48:03,153,36,low_conf_ppe,review\review_20250924_214803_f153_id36.jpg,0.162,0.195
2025-09-24 21:48:03,153,1,low_conf_ppe,review\review_20250924_214803_f153_id1.jpg,0.796,0.0
2025-09-24 21:48:03,154,1,low_conf_ppe,review\review_20250924_214803_f154_id1.jpg,0.775,0.0
2025-09-24 21:48:03,155,1,low_conf_ppe,review\review_20250924_214803_f155_id1.jpg,0.772,0.0
2025-09-24 21:48:03,156,1,low_conf_ppe,review\review_20250924_214803_f156_id1.jpg,0.754,0.0
2025-09-24 21:48:03,157,1,low_conf_ppe,review\review_20250924_214803_f157_id1.jpg,0.752,0.0
2025-09-24 21:48:03,158,1,low_conf_ppe,review\review_20250924_214803_f158_id1.jpg,0.751,0.0
2025-09-24 21:48:04,159,1,low_conf_ppe,review\review_20250924_214804_f159_id1.jpg,0.76,0.0
2025-09-24 21:48:04,160,1,low_conf_ppe,review\review_20250924_214804_f160_id1.jpg,0.75,0.0
2025-09-24 21:48:04,161,1,low_conf_ppe,review\review_20250924_214804_f161_id1.jpg,0.758,0.0
2025-09-24 21:48:04,162,1,low_conf_ppe,review\review_20250924_214804_f162_id1.jpg,0.765,0.0
2025-09-24 21:48:04,163,1,low_conf_ppe,review\review_20250924_214804_f163_id1.jpg,0.761,0.0
2025-09-24 21:48:04,164,1,low_conf_ppe,review\review_20250924_214804_f164_id1.jpg,0.738,0.0
2025-09-24 21:48:06,189,3,low_conf_ppe,review\review_20250924_214806_f189_id3.jpg,0.04,0.311
2025-09-24 21:48:06,190,3,low_conf_ppe,review\review_20250924_214806_f190_id3.jpg,0.026,0.202
2025-09-24 21:48:06,191,3,low_conf_ppe,review\review_20250924_214806_f191_id3.jpg,0.107,0.132
2025-09-24 21:48:06,192,3,low_conf_ppe,review\review_20250924_214806_f192_id3.jpg,0.168,0.085

2025-09-24 21:48:43,23,8,low_conf_ppe,review\review_20250924_214843_f23_id8.jpg,0.0,0.151
2025-09-24 21:48:43,24,8,low_conf_ppe,review\review_20250924_214843_f24_id8.jpg,0.0,0.098
2025-09-24 21:48:44,41,8,low_conf_ppe,review\review_20250924_214844_f41_id8.jpg,0.13,0.622
2025-09-24 21:48:45,47,14,low_conf_ppe,review\review_20250924_214845_f47_id14.jpg,0.186,0.098
2025-09-24 21:48:45,48,14,low_conf_ppe,review\review_20250924_214845_f48_id14.jpg,0.291,0.192
2025-09-24 21:48:46,64,16,low_conf_ppe,review\review_20250924_214846_f64_id16.jpg,0.166,0.0
2025-09-24 21:48:47,70,10,low_conf_ppe,review\review_20250924_214847_f70_id10.jpg,0.186,0.852
2025-09-24 21:48:47,71,10,low_conf_ppe,review\review_20250924_214847_f71_id10.jpg,0.121,0.851
2025-09-24 21:48:47,72,10,low_conf_ppe,review\review_20250924_214847_f72_id10.jpg,0.078,0.853
2025-09-24 21:48:47,73,10,low_conf_ppe,review\review_20250924_214847_f73_id10.jpg,0.15,0.86
2025-09-24 21:48:47,74,10,low_conf_ppe,review\review_20250924_214847_f74_id10.jpg,0.097,0.865
2025-09-24 21:48:47,75,10,low_conf_ppe,review\review_20250924_214847_f75_id10.jpg,0.063,0.87
2025-09-24 21:48:47,76,10,low_conf_ppe,review\review_20250924_214847_f76_id10.jpg,0.041,0.867
2025-09-24 21:48:47,77,10,low_conf_ppe,review\review_20250924_214847_f77_id10.jpg,0.027,0.86
2025-09-24 21:48:48,78,10,low_conf_ppe,review\review_20250924_214848_f78_id10.jpg,0.017,0.853
2025-09-24 21:48:48,79,10,low_conf_ppe,review\review_20250924_214848_f79_id10.jpg,0.166,0.847
2025-09-24 21:48:48,83,10,low_conf_ppe,review\review_20250924_214848_f83_id10.jpg,0.194,0.824
2025-09-24 21:48:48,84,10,low_conf_ppe,review\review_20250924_214848_f84_id10.jpg,0.126,0.806
2025-09-24 21:48:48,85,10,low_conf_ppe,review\review_20250924_214848_f85_id10.jpg,0.174,0.771
2025-09-24 21:48:48,87,10,low_conf_ppe,review\review_20250924_214848_f87_id10.jpg,0.186,0.748
2025-09-24 21:48:50,109,17,low_conf_ppe,review\review_20250924_214850_f109_id17.jpg,0.142,0.691
2025-09-24 21:48:50,111,17,low_conf_ppe,review\review_20250924_214850_f111_id17.jpg,0.166,0.7

2025-09-24 21:49:21,23,8,low_conf_ppe,review\review_20250924_214921_f23_id8.jpg,0.0,0.151
2025-09-24 21:49:21,24,8,low_conf_ppe,review\review_20250924_214921_f24_id8.jpg,0.0,0.098
2025-09-24 21:49:22,41,8,low_conf_ppe,review\review_20250924_214922_f41_id8.jpg,0.13,0.622
2025-09-24 21:49:23,47,14,low_conf_ppe,review\review_20250924_214923_f47_id14.jpg,0.186,0.098
2025-09-24 21:49:23,48,14,low_conf_ppe,review\review_20250924_214923_f48_id14.jpg,0.291,0.192
2025-09-24 21:49:24,64,16,low_conf_ppe,review\review_20250924_214924_f64_id16.jpg,0.166,0.0
2025-09-24 21:49:25,70,10,low_conf_ppe,review\review_20250924_214925_f70_id10.jpg,0.186,0.852
2025-09-24 21:49:25,71,10,low_conf_ppe,review\review_20250924_214925_f71_id10.jpg,0.121,0.851
2025-09-24 21:49:25,72,10,low_conf_ppe,review\review_20250924_214925_f72_id10.jpg,0.078,0.853
2025-09-24 21:49:25,73,10,low_conf_ppe,review\review_20250924_214925_f73_id10.jpg,0.15,0.86
2025-09-24 21:49:25,74,10,low_conf_ppe,review\review_20250924_214925_f74_id10.jpg,0.097,0.865
2025-09-24 21:49:26,75,10,low_conf_ppe,review\review_20250924_214925_f75_id10.jpg,0.063,0.87
2025-09-24 21:49:26,76,10,low_conf_ppe,review\review_20250924_214926_f76_id10.jpg,0.041,0.867
2025-09-24 21:49:26,77,10,low_conf_ppe,review\review_20250924_214926_f77_id10.jpg,0.027,0.86
2025-09-24 21:49:26,78,10,low_conf_ppe,review\review_20250924_214926_f78_id10.jpg,0.017,0.853
2025-09-24 21:49:26,79,10,low_conf_ppe,review\review_20250924_214926_f79_id10.jpg,0.166,0.847
2025-09-24 21:49:27,83,10,low_conf_ppe,review\review_20250924_214927_f83_id10.jpg,0.194,0.824
2025-09-24 21:49:27,84,10,low_conf_ppe,review\review_20250924_214927_f84_id10.jpg,0.126,0.806
2025-09-24 21:49:27,85,10,low_conf_ppe,review\review_20250924_214927_f85_id10.jpg,0.174,0.771
2025-09-24 21:49:27,87,10,low_conf_ppe,review\review_20250924_214927_f87_id10.jpg,0.186,0.748
2025-09-24 21:49:29,109,17,low_conf_ppe,review\review_20250924_214929_f109_id17.jpg,0.142,0.691
2025-09-24 21:49:29,111,17,low_conf_ppe,review\review_20250924_214929_f111_id17.jpg,0.166,0.7

2025-09-24 21:51:10,23,8,low_conf_ppe,review\review_20250924_215110_f23_id8.jpg,0.0,0.151
2025-09-24 21:51:10,24,8,low_conf_ppe,review\review_20250924_215110_f24_id8.jpg,0.0,0.098
2025-09-24 21:51:11,41,8,low_conf_ppe,review\review_20250924_215111_f41_id8.jpg,0.13,0.622
2025-09-24 21:51:12,47,14,low_conf_ppe,review\review_20250924_215112_f47_id14.jpg,0.186,0.098
2025-09-24 21:51:12,48,14,low_conf_ppe,review\review_20250924_215112_f48_id14.jpg,0.291,0.192
2025-09-24 21:51:13,64,16,low_conf_ppe,review\review_20250924_215113_f64_id16.jpg,0.166,0.0
2025-09-24 21:51:14,70,10,low_conf_ppe,review\review_20250924_215114_f70_id10.jpg,0.186,0.852
2025-09-24 21:51:14,71,10,low_conf_ppe,review\review_20250924_215114_f71_id10.jpg,0.121,0.851
2025-09-24 21:51:14,72,10,low_conf_ppe,review\review_20250924_215114_f72_id10.jpg,0.078,0.853
2025-09-24 21:51:14,73,10,low_conf_ppe,review\review_20250924_215114_f73_id10.jpg,0.15,0.86
2025-09-24 21:51:14,74,10,low_conf_ppe,review\review_20250924_215114_f74_id10.jpg,0.097,0.865
2025-09-24 21:51:14,75,10,low_conf_ppe,review\review_20250924_215114_f75_id10.jpg,0.063,0.87
2025-09-24 21:51:14,76,10,low_conf_ppe,review\review_20250924_215114_f76_id10.jpg,0.041,0.867
2025-09-24 21:51:15,77,10,low_conf_ppe,review\review_20250924_215115_f77_id10.jpg,0.027,0.86
2025-09-24 21:51:15,78,10,low_conf_ppe,review\review_20250924_215115_f78_id10.jpg,0.017,0.853
2025-09-24 21:51:15,79,10,low_conf_ppe,review\review_20250924_215115_f79_id10.jpg,0.166,0.847
2025-09-24 21:51:15,83,10,low_conf_ppe,review\review_20250924_215115_f83_id10.jpg,0.194,0.824
2025-09-24 21:51:15,84,10,low_conf_ppe,review\review_20250924_215115_f84_id10.jpg,0.126,0.806
2025-09-24 21:51:15,85,10,low_conf_ppe,review\review_20250924_215115_f85_id10.jpg,0.174,0.771
2025-09-24 21:51:16,87,10,low_conf_ppe,review\review_20250924_215116_f87_id10.jpg,0.186,0.748
2025-09-24 21:51:18,109,17,low_conf_ppe,review\review_20250924_215118_f109_id17.jpg,0.142,0.691
2025-09-24 21:51:18,111,17,low_conf_ppe,review\review_20250924_215118_f111_id17.jpg,0.166,0.7

2025-09-24 21:58:05,1,3,low_conf_ppe,review\review_20250924_215805_f1_id3.jpg,0.225,0.109
2025-09-24 21:58:05,2,3,low_conf_ppe,review\review_20250924_215805_f2_id3.jpg,0.361,0.17
2025-09-24 21:58:05,4,3,low_conf_ppe,review\review_20250924_215805_f4_id3.jpg,0.505,0.133
2025-09-24 21:58:05,5,3,low_conf_ppe,review\review_20250924_215805_f5_id3.jpg,0.541,0.086
2025-09-24 21:58:06,6,4,low_conf_ppe,review\review_20250924_215806_f6_id4.jpg,0.58,0.097
2025-09-24 21:58:06,6,3,low_conf_ppe,review\review_20250924_215806_f6_id3.jpg,0.566,0.056
2025-09-24 21:58:06,7,4,low_conf_ppe,review\review_20250924_215806_f7_id4.jpg,0.58,0.152
2025-09-24 21:58:06,7,3,low_conf_ppe,review\review_20250924_215806_f7_id3.jpg,0.584,0.036
2025-09-24 21:58:06,8,4,low_conf_ppe,review\review_20250924_215806_f8_id4.jpg,0.569,0.099
2025-09-24 21:58:06,8,3,low_conf_ppe,review\review_20250924_215806_f8_id3.jpg,0.593,0.024
2025-09-24 21:58:06,9,4,low_conf_ppe,review\review_20250924_215806_f9_id4.jpg,0.588,0.064
2025-09-24 21:58:06,9,3,low_conf_ppe,review\review_20250924_215806_f9_id3.jpg,0.587,0.108
2025-09-24 21:58:06,10,4,low_conf_ppe,review\review_20250924_215806_f10_id4.jpg,0.62,0.042
2025-09-24 21:58:06,10,3,low_conf_ppe,review\review_20250924_215806_f10_id3.jpg,0.581,0.163
2025-09-24 21:58:07,20,4,low_conf_ppe,review\review_20250924_215807_f20_id4.jpg,0.186,0.0
2025-09-24 21:58:07,26,17,low_conf_ppe,review\review_20250924_215807_f26_id17.jpg,0.098,0.0
2025-09-24 21:58:08,28,1,low_conf_ppe,review\review_20250924_215808_f28_id1.jpg,0.75,0.111
2025-09-24 21:58:08,29,1,low_conf_ppe,review\review_20250924_215808_f29_id1.jpg,0.77,0.072
2025-09-24 21:58:08,30,17,low_conf_ppe,review\review_20250924_215808_f30_id17.jpg,0.0,0.094
2025-09-24 21:58:08,30,1,low_conf_ppe,review\review_20250924_215808_f30_id1.jpg,0.76,0.047
2025-09-24 21:58:08,31,17,low_conf_ppe,review\review_20250924_215808_f31_id17.jpg,0.0,0.164
2025-09-24 21:58:08,31,1,low_conf_ppe,review\review_20250924_215808_f31_id1.jpg,0.762,0.031
2025-09-24 21:58:08,32,1,low_conf_ppe,review\review_20250924_215808_f32_id1.jpg,0.763,0.02
2025-09-24 21:58:08,33,1,low_conf_ppe,review\review_20250924_215808_f33_id1.jpg,0.77,0.013
2025-09-24 21:58:08,34,17,low_conf_ppe,review\review_20250924_215808_f34_id17.jpg,0.0,0.156
2025-09-24 21:58:08,34,1,low_conf_ppe,review\review_20250924_215808_f34_id1.jpg,0.775,0.008
2025-09-24 21:58:08,35,17,low_conf_ppe,review\review_20250924_215808_f35_id17.jpg,0.0,0.101
2025-09-24 21:58:08,35,1,low_conf_ppe,review\review_20250924_215808_f35_id1.jpg,0.775,0.005
2025-09-24 21:58:08,36,1,low_conf_ppe,review\review_20250924_215808_f36_id1.jpg,0.776,0.004
2025-09-24 21:58:09,37,1,low_conf_ppe,review\review_20250924_215809_f37_id1.jpg,0.771,0.002
2025-09-24 21:58:09,38,1,low_conf_ppe,review\review_20250924_215809_f38_id1.jpg,0.784,0.001
2025-09-24 21:58:09,39,3,low_conf_ppe,review\review_20250924_215809_f39_id3.jpg,0.521,0.133
2025-09-24 21:58:09,39,1,low_conf_ppe,review\review_20250924_215809_f39_id1.jpg,0.785,0.001
2025-09-24 21:58:09,40,3,low_conf_ppe,review\review_20250924_215809_f40_id3.jpg,0.51,0.086
2025-09-24 21:58:09,40,1,low_conf_ppe,review\review_20250924_215809_f40_id1.jpg,0.785,0.001
2025-09-24 21:58:09,41,3,low_conf_ppe,review\review_20250924_215809_f41_id3.jpg,0.496,0.056
2025-09-24 21:58:09,41,1,low_conf_ppe,review\review_20250924_215809_f41_id1.jpg,0.794,0.0
2025-09-24 21:58:09,42,3,low_conf_ppe,review\review_20250924_215809_f42_id3.jpg,0.495,0.037
2025-09-24 21:58:09,42,1,low_conf_ppe,review\review_20250924_215809_f42_id1.jpg,0.786,0.0
2025-09-24 21:58:09,43,3,low_conf_ppe,review\review_20250924_215809_f43_id3.jpg,0.497,0.024
2025-09-24 21:58:09,43,1,low_conf_ppe,review\review_20250924_215809_f43_id1.jpg,0.763,0.0
2025-09-24 21:58:09,44,3,low_conf_ppe,review\review_20250924_215809_f44_id3.jpg,0.496,0.015
2025-09-24 21:58:09,44,1,low_conf_ppe,review\review_20250924_215809_f44_id1.jpg,0.769,0.0
2025-09-24 21:58:09,45,3,low_conf_ppe,review\review_20250924_215809_f45_id3.jpg,0.491,0.01
2025-09-24 21:58:09,45,1,low_conf_ppe,review\review_20250924_215809_f45_id1.jpg,0.773,0.0
2025-09-24 21:58:09,46,3,low_conf_ppe,review\review_20250924_215809_f46_id3.jpg,0.493,0.007
2025-09-24 21:58:09,46,1,low_conf_ppe,review\review_20250924_215809_f46_id1.jpg,0.779,0.0
2025-09-24 21:58:10,47,3,low_conf_ppe,review\review_20250924_215810_f47_id3.jpg,0.494,0.004
2025-09-24 21:58:10,47,1,low_conf_ppe,review\review_20250924_215810_f47_id1.jpg,0.78,0.0
2025-09-24 21:58:10,48,3,low_conf_ppe,review\review_20250924_215810_f48_id3.jpg,0.492,0.003
2025-09-24 21:58:10,48,1,low_conf_ppe,review\review_20250924_215810_f48_id1.jpg,0.763,0.0
2025-09-24 21:58:10,49,3,low_conf_ppe,review\review_20250924_215810_f49_id3.jpg,0.499,0.002
2025-09-24 21:58:10,49,1,low_conf_ppe,review\review_20250924_215810_f49_id1.jpg,0.759,0.0
2025-09-24 21:58:10,50,3,low_conf_ppe,review\review_20250924_215810_f50_id3.jpg,0.5,0.001
2025-09-24 21:58:10,50,1,low_conf_ppe,review\review_20250924_215810_f50_id1.jpg,0.758,0.0
2025-09-24 21:58:10,51,1,low_conf_ppe,review\review_20250924_215810_f51_id1.jpg,0.754,0.095
2025-09-24 21:58:10,51,3,low_conf_ppe,review\review_20250924_215810_f51_id3.jpg,0.498,0.001
2025-09-24 21:58:10,52,1,low_conf_ppe,review\review_20250924_215810_f52_id1.jpg,0.754,0.159
2025-09-24 21:58:10,52,3,low_conf_ppe,review\review_20250924_215810_f52_id3.jpg,0.503,0.0
2025-09-24 21:58:10,53,3,low_conf_ppe,review\review_20250924_215810_f53_id3.jpg,0.512,0.0
2025-09-24 21:58:10,53,1,low_conf_ppe,review\review_20250924_215810_f53_id1.jpg,0.757,0.103
2025-09-24 21:58:10,54,3,low_conf_ppe,review\review_20250924_215810_f54_id3.jpg,0.515,0.0
2025-09-24 21:58:10,54,1,low_conf_ppe,review\review_20250924_215810_f54_id1.jpg,0.758,0.16
2025-09-24 21:58:10,55,3,low_conf_ppe,review\review_20250924_215810_f55_id3.jpg,0.527,0.0
2025-09-24 21:58:11,56,3,low_conf_ppe,review\review_20250924_215810_f56_id3.jpg,0.544,0.0
2025-09-24 21:58:11,57,3,low_conf_ppe,review\review_20250924_215811_f57_id3.jpg,0.552,0.0
2025-09-24 21:58:11,58,3,low_conf_ppe,review\review_20250924_215811_f58_id3.jpg,0.569,0.0
2025-09-24 21:58:11,59,3,low_conf_ppe,review\review_20250924_215811_f59_id3.jpg,0.58,0.0
2025-09-24 21:58:11,60,3,low_conf_ppe,review\review_20250924_215811_f60_id3.jpg,0.601,0.095
2025-09-24 21:58:11,61,3,low_conf_ppe,review\review_20250924_215811_f61_id3.jpg,0.62,0.172
2025-09-24 21:58:11,62,4,low_conf_ppe,review\review_20250924_215811_f62_id4.jpg,0.0,0.17
2025-09-24 21:58:11,62,1,low_conf_ppe,review\review_20250924_215811_f62_id1.jpg,0.789,0.134
2025-09-24 21:58:11,63,1,low_conf_ppe,review\review_20250924_215811_f63_id1.jpg,0.791,0.087
2025-09-24 21:58:11,64,1,low_conf_ppe,review\review_20250924_215811_f64_id1.jpg,0.791,0.057
2025-09-24 21:58:11,65,1,low_conf_ppe,review\review_20250924_215811_f65_id1.jpg,0.791,0.037
2025-09-24 21:58:11,66,1,low_conf_ppe,review\review_20250924_215811_f66_id1.jpg,0.795,0.024
2025-09-24 21:58:12,67,1,low_conf_ppe,review\review_20250924_215812_f67_id1.jpg,0.802,0.016
2025-09-24 21:58:12,68,1,low_conf_ppe,review\review_20250924_215812_f68_id1.jpg,0.805,0.01
2025-09-24 21:58:12,69,1,low_conf_ppe,review\review_20250924_215812_f69_id1.jpg,0.799,0.007
2025-09-24 21:58:12,70,1,low_conf_ppe,review\review_20250924_215812_f70_id1.jpg,0.801,0.004
2025-09-24 21:58:12,71,1,low_conf_ppe,review\review_20250924_215812_f71_id1.jpg,0.786,0.13
2025-09-24 21:58:12,73,1,low_conf_ppe,review\review_20250924_215812_f73_id1.jpg,0.783,0.136
2025-09-24 21:58:12,74,1,low_conf_ppe,review\review_20250924_215812_f74_id1.jpg,0.784,0.088
2025-09-24 21:58:12,75,1,low_conf_ppe,review\review_20250924_215812_f75_id1.jpg,0.797,0.057
2025-09-24 21:58:12,76,1,low_conf_ppe,review\review_20250924_215812_f76_id1.jpg,0.789,0.037
2025-09-24 21:58:13,77,1,low_conf_ppe,review\review_20250924_215812_f77_id1.jpg,0.773,0.024
2025-09-24 21:58:13,78,1,low_conf_ppe,review\review_20250924_215813_f78_id1.jpg,0.764,0.016
2025-09-24 21:58:13,79,1,low_conf_ppe,review\review_20250924_215813_f79_id1.jpg,0.78,0.01
2025-09-24 21:58:13,80,1,low_conf_ppe,review\review_20250924_215813_f80_id1.jpg,0.777,0.007
2025-09-24 21:58:13,81,1,low_conf_ppe,review\review_20250924_215813_f81_id1.jpg,0.779,0.004
2025-09-24 21:58:13,82,1,low_conf_ppe,review\review_20250924_215813_f82_id1.jpg,0.785,0.003
2025-09-24 21:58:13,83,1,low_conf_ppe,review\review_20250924_215813_f83_id1.jpg,0.784,0.002
2025-09-24 21:58:13,84,1,low_conf_ppe,review\review_20250924_215813_f84_id1.jpg,0.78,0.001
2025-09-24 21:58:13,85,1,low_conf_ppe,review\review_20250924_215813_f85_id1.jpg,0.775,0.001
2025-09-24 21:58:13,86,1,low_conf_ppe,review\review_20250924_215813_f86_id1.jpg,0.776,0.001
2025-09-24 21:58:13,87,1,low_conf_ppe,review\review_20250924_215813_f87_id1.jpg,0.783,0.0
2025-09-24 21:58:14,88,1,low_conf_ppe,review\review_20250924_215814_f88_id1.jpg,0.785,0.0
2025-09-24 21:58:14,89,1,low_conf_ppe,review\review_20250924_215814_f89_id1.jpg,0.788,0.0
2025-09-24 21:58:14,90,1,low_conf_ppe,review\review_20250924_215814_f90_id1.jpg,0.796,0.0
2025-09-24 21:58:14,91,1,low_conf_ppe,review\review_20250924_215814_f91_id1.jpg,0.796,0.0
2025-09-24 21:58:14,92,1,low_conf_ppe,review\review_20250924_215814_f92_id1.jpg,0.793,0.0
2025-09-24 21:58:14,93,1,low_conf_ppe,review\review_20250924_215814_f93_id1.jpg,0.788,0.0
2025-09-24 21:58:14,94,1,low_conf_ppe,review\review_20250924_215814_f94_id1.jpg,0.796,0.0
2025-09-24 21:58:14,95,1,low_conf_ppe,review\review_20250924_215814_f95_id1.jpg,0.801,0.0
2025-09-24 21:58:14,96,1,low_conf_ppe,review\review_20250924_215814_f96_id1.jpg,0.794,0.0
2025-09-24 21:58:14,97,4,low_conf_ppe,review\review_20250924_215814_f97_id4.jpg,0.0,0.088
2025-09-24 21:58:14,97,1,low_conf_ppe,review\review_20250924_215814_f97_id1.jpg,0.787,0.0
2025-09-24 21:58:15,98,4,low_conf_ppe,review\review_20250924_215815_f98_id4.jpg,0.0,0.057
2025-09-24 21:58:15,98,1,low_conf_ppe,review\review_20250924_215815_f98_id1.jpg,0.79,0.0
2025-09-24 21:58:15,99,1,low_conf_ppe,review\review_20250924_215815_f99_id1.jpg,0.781,0.0
2025-09-24 21:58:15,100,1,low_conf_ppe,review\review_20250924_215815_f100_id1.jpg,0.789,0.0
2025-09-24 21:58:15,101,1,low_conf_ppe,review\review_20250924_215815_f101_id1.jpg,0.782,0.0
2025-09-24 21:58:15,102,1,low_conf_ppe,review\review_20250924_215815_f102_id1.jpg,0.773,0.0
2025-09-24 21:58:15,103,1,low_conf_ppe,review\review_20250924_215815_f103_id1.jpg,0.775,0.0
2025-09-24 21:58:15,104,1,low_conf_ppe,review\review_20250924_215815_f104_id1.jpg,0.769,0.0
2025-09-24 21:58:15,105,1,low_conf_ppe,review\review_20250924_215815_f105_id1.jpg,0.78,0.0
2025-09-24 21:58:15,106,1,low_conf_ppe,review\review_20250924_215815_f106_id1.jpg,0.779,0.0
2025-09-24 21:58:15,107,1,low_conf_ppe,review\review_20250924_215815_f107_id1.jpg,0.784,0.0
2025-09-24 21:58:16,108,1,low_conf_ppe,review\review_20250924_215816_f108_id1.jpg,0.786,0.0
2025-09-24 21:58:16,109,1,low_conf_ppe,review\review_20250924_215816_f109_id1.jpg,0.794,0.0
2025-09-24 21:58:16,110,1,low_conf_ppe,review\review_20250924_215816_f110_id1.jpg,0.804,0.0
2025-09-24 21:58:16,111,1,low_conf_ppe,review\review_20250924_215816_f111_id1.jpg,0.804,0.0
2025-09-24 21:58:16,112,1,low_conf_ppe,review\review_20250924_215816_f112_id1.jpg,0.806,0.0
2025-09-24 21:58:16,113,1,low_conf_ppe,review\review_20250924_215816_f113_id1.jpg,0.801,0.0
2025-09-24 21:58:16,114,1,low_conf_ppe,review\review_20250924_215816_f114_id1.jpg,0.801,0.0
2025-09-24 21:58:16,115,1,low_conf_ppe,review\review_20250924_215816_f115_id1.jpg,0.804,0.0
2025-09-24 21:58:16,116,1,low_conf_ppe,review\review_20250924_215816_f116_id1.jpg,0.811,0.0
2025-09-24 21:58:16,117,1,low_conf_ppe,review\review_20250924_215816_f117_id1.jpg,0.813,0.0
2025-09-24 21:58:17,118,1,low_conf_ppe,review\review_20250924_215817_f118_id1.jpg,0.813,0.0
2025-09-24 21:58:17,119,1,low_conf_ppe,review\review_20250924_215817_f119_id1.jpg,0.826,0.0
2025-09-24 21:58:17,120,1,low_conf_ppe,review\review_20250924_215817_f120_id1.jpg,0.819,0.0
2025-09-24 21:58:17,121,3,low_conf_ppe,review\review_20250924_215817_f121_id3.jpg,0.163,0.613
2025-09-24 21:58:17,121,1,low_conf_ppe,review\review_20250924_215817_f121_id1.jpg,0.817,0.0
2025-09-24 21:58:17,122,3,low_conf_ppe,review\review_20250924_215817_f122_id3.jpg,0.106,0.626
2025-09-24 21:58:17,122,1,low_conf_ppe,review\review_20250924_215817_f122_id1.jpg,0.815,0.0
2025-09-24 21:58:17,123,3,low_conf_ppe,review\review_20250924_215817_f123_id3.jpg,0.069,0.635
2025-09-24 21:58:17,123,1,low_conf_ppe,review\review_20250924_215817_f123_id1.jpg,0.816,0.0
2025-09-24 21:58:17,124,3,low_conf_ppe,review\review_20250924_215817_f124_id3.jpg,0.045,0.64
2025-09-24 21:58:17,124,1,low_conf_ppe,review\review_20250924_215817_f124_id1.jpg,0.824,0.0
2025-09-24 21:58:17,125,3,low_conf_ppe,review\review_20250924_215817_f125_id3.jpg,0.029,0.641
2025-09-24 21:58:17,125,1,low_conf_ppe,review\review_20250924_215817_f125_id1.jpg,0.811,0.0
2025-09-24 21:58:17,126,3,low_conf_ppe,review\review_20250924_215817_f126_id3.jpg,0.019,0.644
2025-09-24 21:58:17,126,1,low_conf_ppe,review\review_20250924_215817_f126_id1.jpg,0.821,0.0
2025-09-24 21:58:17,127,3,low_conf_ppe,review\review_20250924_215817_f127_id3.jpg,0.012,0.642
2025-09-24 21:58:17,127,1,low_conf_ppe,review\review_20250924_215817_f127_id1.jpg,0.824,0.0
2025-09-24 21:58:18,128,3,low_conf_ppe,review\review_20250924_215818_f128_id3.jpg,0.008,0.643
2025-09-24 21:58:18,128,1,low_conf_ppe,review\review_20250924_215818_f128_id1.jpg,0.815,0.0
2025-09-24 21:58:18,129,3,low_conf_ppe,review\review_20250924_215818_f129_id3.jpg,0.005,0.418
2025-09-24 21:58:18,129,1,low_conf_ppe,review\review_20250924_215818_f129_id1.jpg,0.816,0.0
2025-09-24 21:58:18,130,3,low_conf_ppe,review\review_20250924_215818_f130_id3.jpg,0.003,0.495
2025-09-24 21:58:18,130,1,low_conf_ppe,review\review_20250924_215818_f130_id1.jpg,0.812,0.0
2025-09-24 21:58:18,131,3,low_conf_ppe,review\review_20250924_215818_f131_id3.jpg,0.002,0.543
2025-09-24 21:58:18,131,1,low_conf_ppe,review\review_20250924_215818_f131_id1.jpg,0.808,0.0
2025-09-24 21:58:18,132,3,low_conf_ppe,review\review_20250924_215818_f132_id3.jpg,0.001,0.578
2025-09-24 21:58:18,132,1,low_conf_ppe,review\review_20250924_215818_f132_id1.jpg,0.8,0.0
2025-09-24 21:58:18,133,3,low_conf_ppe,review\review_20250924_215818_f133_id3.jpg,0.001,0.601
2025-09-24 21:58:18,133,1,low_conf_ppe,review\review_20250924_215818_f133_id1.jpg,0.799,0.0
2025-09-24 21:58:18,134,3,low_conf_ppe,review\review_20250924_215818_f134_id3.jpg,0.001,0.597
2025-09-24 21:58:18,134,1,low_conf_ppe,review\review_20250924_215818_f134_id1.jpg,0.803,0.0
2025-09-24 21:58:18,135,3,low_conf_ppe,review\review_20250924_215818_f135_id3.jpg,0.0,0.597
2025-09-24 21:58:18,135,1,low_conf_ppe,review\review_20250924_215818_f135_id1.jpg,0.797,0.0
2025-09-24 21:58:18,136,3,low_conf_ppe,review\review_20250924_215818_f136_id3.jpg,0.0,0.604
2025-09-24 21:58:18,136,1,low_conf_ppe,review\review_20250924_215818_f136_id1.jpg,0.805,0.0
2025-09-24 21:58:19,137,3,low_conf_ppe,review\review_20250924_215818_f137_id3.jpg,0.0,0.608
2025-09-24 21:58:19,137,1,low_conf_ppe,review\review_20250924_215819_f137_id1.jpg,0.8,0.0
2025-09-24 21:58:19,138,3,low_conf_ppe,review\review_20250924_215819_f138_id3.jpg,0.0,0.616
2025-09-24 21:58:19,138,1,low_conf_ppe,review\review_20250924_215819_f138_id1.jpg,0.797,0.0
2025-09-24 21:58:19,139,3,low_conf_ppe,review\review_20250924_215819_f139_id3.jpg,0.0,0.622
2025-09-24 21:58:19,139,1,low_conf_ppe,review\review_20250924_215819_f139_id1.jpg,0.787,0.0
2025-09-24 21:58:19,140,3,low_conf_ppe,review\review_20250924_215819_f140_id3.jpg,0.0,0.633
2025-09-24 21:58:19,140,1,low_conf_ppe,review\review_20250924_215819_f140_id1.jpg,0.785,0.0
2025-09-24 21:58:19,141,3,low_conf_ppe,review\review_20250924_215819_f141_id3.jpg,0.0,0.635
2025-09-24 21:58:19,141,1,low_conf_ppe,review\review_20250924_215819_f141_id1.jpg,0.787,0.0
2025-09-24 21:58:19,142,3,low_conf_ppe,review\review_20250924_215819_f142_id3.jpg,0.0,0.634
2025-09-24 21:58:19,142,1,low_conf_ppe,review\review_20250924_215819_f142_id1.jpg,0.787,0.0
2025-09-24 21:58:19,143,3,low_conf_ppe,review\review_20250924_215819_f143_id3.jpg,0.0,0.63
2025-09-24 21:58:19,143,1,low_conf_ppe,review\review_20250924_215819_f143_id1.jpg,0.783,0.0
2025-09-24 21:58:19,144,3,low_conf_ppe,review\review_20250924_215819_f144_id3.jpg,0.0,0.629
2025-09-24 21:58:19,144,1,low_conf_ppe,review\review_20250924_215819_f144_id1.jpg,0.778,0.0
2025-09-24 21:58:19,145,3,low_conf_ppe,review\review_20250924_215819_f145_id3.jpg,0.0,0.632
2025-09-24 21:58:19,145,1,low_conf_ppe,review\review_20250924_215819_f145_id1.jpg,0.778,0.0
2025-09-24 21:58:19,146,3,low_conf_ppe,review\review_20250924_215819_f146_id3.jpg,0.0,0.641
2025-09-24 21:58:19,146,1,low_conf_ppe,review\review_20250924_215819_f146_id1.jpg,0.777,0.0
2025-09-24 21:58:20,147,3,low_conf_ppe,review\review_20250924_215820_f147_id3.jpg,0.0,0.647
2025-09-24 21:58:20,147,1,low_conf_ppe,review\review_20250924_215820_f147_id1.jpg,0.79,0.0
2025-09-24 21:58:20,148,3,low_conf_ppe,review\review_20250924_215820_f148_id3.jpg,0.0,0.641
2025-09-24 21:58:20,148,36,low_conf_ppe,review\review_20250924_215820_f148_id36.jpg,0.0,0.13
2025-09-24 21:58:20,148,1,low_conf_ppe,review\review_20250924_215820_f148_id1.jpg,0.786,0.0
2025-09-24 21:58:20,149,3,low_conf_ppe,review\review_20250924_215820_f149_id3.jpg,0.0,0.625
2025-09-24 21:58:20,149,1,low_conf_ppe,review\review_20250924_215820_f149_id1.jpg,0.781,0.0
2025-09-24 21:58:20,150,3,low_conf_ppe,review\review_20250924_215820_f150_id3.jpg,0.0,0.626
2025-09-24 21:58:20,150,1,low_conf_ppe,review\review_20250924_215820_f150_id1.jpg,0.791,0.0
2025-09-24 21:58:20,151,3,low_conf_ppe,review\review_20250924_215820_f151_id3.jpg,0.0,0.63
2025-09-24 21:58:20,151,1,low_conf_ppe,review\review_20250924_215820_f151_id1.jpg,0.795,0.0
2025-09-24 21:58:20,152,3,low_conf_ppe,review\review_20250924_215820_f152_id3.jpg,0.119,0.632
2025-09-24 21:58:20,152,1,low_conf_ppe,review\review_20250924_215820_f152_id1.jpg,0.797,0.0
2025-09-24 21:58:20,152,36,low_conf_ppe,review\review_20250924_215820_f152_id36.jpg,0.098,0.117
2025-09-24 21:58:20,153,36,low_conf_ppe,review\review_20250924_215820_f153_id36.jpg,0.162,0.195
2025-09-24 21:58:20,153,1,low_conf_ppe,review\review_20250924_215820_f153_id1.jpg,0.796,0.0
2025-09-24 21:58:20,154,1,low_conf_ppe,review\review_20250924_215820_f154_id1.jpg,0.775,0.0
2025-09-24 21:58:20,155,1,low_conf_ppe,review\review_20250924_215820_f155_id1.jpg,0.772,0.0
2025-09-24 21:58:21,156,1,low_conf_ppe,review\review_20250924_215821_f156_id1.jpg,0.754,0.0
2025-09-24 21:58:21,157,1,low_conf_ppe,review\review_20250924_215821_f157_id1.jpg,0.752,0.0
2025-09-24 21:58:21,158,1,low_conf_ppe,review\review_20250924_215821_f158_id1.jpg,0.751,0.0
2025-09-24 21:58:21,159,1,low_conf_ppe,review\review_20250924_215821_f159_id1.jpg,0.76,0.0
2025-09-24 21:58:21,160,1,low_conf_ppe,review\review_20250924_215821_f160_id1.jpg,0.75,0.0
2025-09-24 21:58:21,161,1,low_conf_ppe,review\review_20250924_215821_f161_id1.jpg,0.758,0.0
2025-09-24 21:58:21,162,1,low_conf_ppe,review\review_20250924_215821_f162_id1.jpg,0.765,0.0
2025-09-24 21:58:21,163,1,low_conf_ppe,review\review_20250924_215821_f163_id1.jpg,0.761,0.0
2025-09-24 21:58:21,164,1,low_conf_ppe,review\review_20250924_215821_f164_id1.jpg,0.738,0.0
2025-09-24 21:58:23,189,3,low_conf_ppe,review\review_20250924_215823_f189_id3.jpg,0.04,0.311
2025-09-24 21:58:23,190,3,low_conf_ppe,review\review_20250924_215823_f190_id3.jpg,0.026,0.202
2025-09-24 21:58:24,191,3,low_conf_ppe,review\review_20250924_215824_f191_id3.jpg,0.107,0.132
2025-09-24 21:58:24,192,3,low_conf_ppe,review\review_20250924_215824_f192_id3.jpg,0.168,0.085

2025-09-24 21:58:35,23,8,low_conf_ppe,review\review_20250924_215835_f23_id8.jpg,0.0,0.151
2025-09-24 21:58:35,24,8,low_conf_ppe,review\review_20250924_215835_f24_id8.jpg,0.0,0.098
2025-09-24 21:58:37,41,8,low_conf_ppe,review\review_20250924_215837_f41_id8.jpg,0.13,0.622
2025-09-24 21:58:37,47,14,low_conf_ppe,review\review_20250924_215837_f47_id14.jpg,0.186,0.098
2025-09-24 21:58:37,48,14,low_conf_ppe,review\review_20250924_215837_f48_id14.jpg,0.291,0.192
2025-09-24 21:58:39,64,16,low_conf_ppe,review\review_20250924_215839_f64_id16.jpg,0.166,0.0
2025-09-24 21:58:39,70,10,low_conf_ppe,review\review_20250924_215839_f70_id10.jpg,0.186,0.852
2025-09-24 21:58:39,71,10,low_conf_ppe,review\review_20250924_215839_f71_id10.jpg,0.121,0.851
2025-09-24 21:58:40,72,10,low_conf_ppe,review\review_20250924_215840_f72_id10.jpg,0.078,0.853
2025-09-24 21:58:40,73,10,low_conf_ppe,review\review_20250924_215840_f73_id10.jpg,0.15,0.86
2025-09-24 21:58:40,74,10,low_conf_ppe,review\review_20250924_215840_f74_id10.jpg,0.097,0.865
2025-09-24 21:58:40,75,10,low_conf_ppe,review\review_20250924_215840_f75_id10.jpg,0.063,0.87
2025-09-24 21:58:40,76,10,low_conf_ppe,review\review_20250924_215840_f76_id10.jpg,0.041,0.867
2025-09-24 21:58:40,77,10,low_conf_ppe,review\review_20250924_215840_f77_id10.jpg,0.027,0.86
2025-09-24 21:58:40,78,10,low_conf_ppe,review\review_20250924_215840_f78_id10.jpg,0.017,0.853
2025-09-24 21:58:40,79,10,low_conf_ppe,review\review_20250924_215840_f79_id10.jpg,0.166,0.847
2025-09-24 21:58:41,83,10,low_conf_ppe,review\review_20250924_215841_f83_id10.jpg,0.194,0.824
2025-09-24 21:58:41,84,10,low_conf_ppe,review\review_20250924_215841_f84_id10.jpg,0.126,0.806
2025-09-24 21:58:41,85,10,low_conf_ppe,review\review_20250924_215841_f85_id10.jpg,0.174,0.771
2025-09-24 21:58:41,87,10,low_conf_ppe,review\review_20250924_215841_f87_id10.jpg,0.186,0.748
2025-09-24 21:58:43,109,17,low_conf_ppe,review\review_20250924_215843_f109_id17.jpg,0.142,0.691
2025-09-24 21:58:43,111,17,low_conf_ppe,review\review_20250924_215843_f111_id17.jpg,0.166,0.7

2025-09-24 21:59:19,23,8,low_conf_ppe,review\review_20250924_215919_f23_id8.jpg,0.0,0.151
2025-09-24 21:59:20,24,8,low_conf_ppe,review\review_20250924_215920_f24_id8.jpg,0.0,0.098
2025-09-24 21:59:21,41,8,low_conf_ppe,review\review_20250924_215921_f41_id8.jpg,0.13,0.622
2025-09-24 21:59:22,47,14,low_conf_ppe,review\review_20250924_215922_f47_id14.jpg,0.186,0.098
2025-09-24 21:59:22,48,14,low_conf_ppe,review\review_20250924_215922_f48_id14.jpg,0.291,0.192
2025-09-24 21:59:23,64,16,low_conf_ppe,review\review_20250924_215923_f64_id16.jpg,0.166,0.0
2025-09-24 21:59:24,70,10,low_conf_ppe,review\review_20250924_215924_f70_id10.jpg,0.186,0.852
2025-09-24 21:59:24,71,10,low_conf_ppe,review\review_20250924_215924_f71_id10.jpg,0.121,0.851
2025-09-24 21:59:24,72,10,low_conf_ppe,review\review_20250924_215924_f72_id10.jpg,0.078,0.853
2025-09-24 21:59:24,73,10,low_conf_ppe,review\review_20250924_215924_f73_id10.jpg,0.15,0.86
2025-09-24 21:59:24,74,10,low_conf_ppe,review\review_20250924_215924_f74_id10.jpg,0.097,0.865
2025-09-24 21:59:24,75,10,low_conf_ppe,review\review_20250924_215924_f75_id10.jpg,0.063,0.87
2025-09-24 21:59:24,76,10,low_conf_ppe,review\review_20250924_215924_f76_id10.jpg,0.041,0.867
2025-09-24 21:59:24,77,10,low_conf_ppe,review\review_20250924_215924_f77_id10.jpg,0.027,0.86
2025-09-24 21:59:24,78,10,low_conf_ppe,review\review_20250924_215924_f78_id10.jpg,0.017,0.853
2025-09-24 21:59:24,79,10,low_conf_ppe,review\review_20250924_215924_f79_id10.jpg,0.166,0.847
2025-09-24 21:59:25,83,10,low_conf_ppe,review\review_20250924_215925_f83_id10.jpg,0.194,0.824
2025-09-24 21:59:25,84,10,low_conf_ppe,review\review_20250924_215925_f84_id10.jpg,0.126,0.806
2025-09-24 21:59:25,85,10,low_conf_ppe,review\review_20250924_215925_f85_id10.jpg,0.174,0.771
2025-09-24 21:59:25,87,10,low_conf_ppe,review\review_20250924_215925_f87_id10.jpg,0.186,0.748
2025-09-24 21:59:27,109,17,low_conf_ppe,review\review_20250924_215927_f109_id17.jpg,0.142,0.691
2025-09-24 21:59:27,111,17,low_conf_ppe,review\review_20250924_215927_f111_id17.jpg,0.166,0.7

2025-09-24 22:04:39,3,2,low_conf_ppe,review\review_20250924_220439_f3_id2.jpg,0.091,0.0
2025-09-24 22:04:39,4,2,low_conf_ppe,review\review_20250924_220439_f4_id2.jpg,0.151,0.0
2025-09-24 22:04:39,5,2,low_conf_ppe,review\review_20250924_220439_f5_id2.jpg,0.098,0.0
2025-09-24 22:04:39,6,2,low_conf_ppe,review\review_20250924_220439_f6_id2.jpg,0.064,0.0
2025-09-24 22:04:39,7,2,low_conf_ppe,review\review_20250924_220439_f7_id2.jpg,0.041,0.0
2025-09-24 22:04:40,8,2,low_conf_ppe,review\review_20250924_220440_f8_id2.jpg,0.027,0.0
2025-09-24 22:04:40,9,2,low_conf_ppe,review\review_20250924_220440_f9_id2.jpg,0.126,0.0
2025-09-24 22:04:41,23,3,low_conf_ppe,review\review_20250924_220441_f23_id3.jpg,0.0,0.124
2025-09-24 22:04:41,24,3,low_conf_ppe,review\review_20250924_220441_f24_id3.jpg,0.09,0.221
2025-09-24 22:04:41,25,3,low_conf_ppe,review\review_20250924_220441_f25_id3.jpg,0.153,0.27
2025-09-24 22:04:41,26,3,low_conf_ppe,review\review_20250924_220441_f26_id3.jpg,0.099,0.272
2025-09-24 22:04:41,27,3,low_conf_ppe,review\review_20250924_220441_f27_id3.jpg,0.065,0.268
2025-09-24 22:04:41,28,3,low_conf_ppe,review\review_20250924_220441_f28_id3.jpg,0.042,0.174
2025-09-24 22:04:42,29,3,low_conf_ppe,review\review_20250924_220442_f29_id3.jpg,0.027,0.113
2025-09-24 22:04:42,31,3,low_conf_ppe,review\review_20250924_220442_f31_id3.jpg,0.0,0.001
2025-09-24 22:04:42,32,3,low_conf_ppe,review\review_20250924_220442_f32_id3.jpg,0.0,0.001
2025-09-24 22:04:42,33,3,low_conf_ppe,review\review_20250924_220442_f33_id3.jpg,0.0,0.001
2025-09-24 22:04:42,34,3,low_conf_ppe,review\review_20250924_220442_f34_id3.jpg,0.0,0.0
2025-09-24 22:04:42,35,3,low_conf_ppe,review\review_20250924_220442_f35_id3.jpg,0.0,0.0
2025-09-24 22:04:42,36,3,low_conf_ppe,review\review_20250924_220442_f36_id3.jpg,0.0,0.0
2025-09-24 22:04:42,37,3,low_conf_ppe,review\review_20250924_220442_f37_id3.jpg,0.094,0.134
2025-09-24 22:04:42,38,3,low_conf_ppe,review\review_20250924_220442_f38_id3.jpg,0.061,0.087
2025-09-24 22:04:42,39,3,low_conf_ppe,review\review_20250924_220442_f39_id3.jpg,0.158,0.057
2025-09-24 22:04:43,40,3,low_conf_ppe,review\review_20250924_220443_f40_id3.jpg,0.102,0.037
2025-09-24 22:04:43,44,6,low_conf_ppe,review\review_20250924_220443_f44_id6.jpg,0.444,0.095
2025-09-24 22:04:44,52,9,low_conf_ppe,review\review_20250924_220444_f52_id9.jpg,0.091,0.0
2025-09-24 22:04:44,53,9,low_conf_ppe,review\review_20250924_220444_f53_id9.jpg,0.059,0.0
2025-09-24 22:04:44,59,10,low_conf_ppe,review\review_20250924_220444_f59_id10.jpg,0.142,0.0
2025-09-24 22:04:44,60,10,low_conf_ppe,review\review_20250924_220444_f60_id10.jpg,0.092,0.0
2025-09-24 22:04:45,62,11,low_conf_ppe,review\review_20250924_220445_f62_id11.jpg,0.0,0.19
2025-09-24 22:04:46,73,12,low_conf_ppe,review\review_20250924_220446_f73_id12.jpg,0.108,0.321
2025-09-24 22:04:46,74,12,low_conf_ppe,review\review_20250924_220446_f74_id12.jpg,0.07,0.36
2025-09-24 22:04:46,75,12,low_conf_ppe,review\review_20250924_220446_f75_id12.jpg,0.046,0.234
2025-09-24 22:04:46,76,15,low_conf_ppe,review\review_20250924_220446_f76_id15.jpg,0.0,0.168
2025-09-24 22:04:46,79,15,low_conf_ppe,review\review_20250924_220446_f79_id15.jpg,0.097,0.0
2025-09-24 22:04:47,86,17,low_conf_ppe,review\review_20250924_220447_f86_id17.jpg,0.193,0.0
2025-09-24 22:04:52,156,21,low_conf_ppe,review\review_20250924_220452_f156_id21.jpg,0.192,0.0
2025-09-24 22:04:53,159,21,low_conf_ppe,review\review_20250924_220453_f159_id21.jpg,0.376,0.105
2025-09-24 22:04:53,165,21,low_conf_ppe,review\review_20250924_220453_f165_id21.jpg,0.292,0.138
2025-09-24 22:04:53,166,21,low_conf_ppe,review\review_20250924_220453_f166_id21.jpg,0.304,0.09
2025-09-24 22:04:54,168,21,low_conf_ppe,review\review_20250924_220454_f168_id21.jpg,0.113,0.0
2025-09-24 22:04:54,169,21,low_conf_ppe,review\review_20250924_220454_f169_id21.jpg,0.183,0.0
2025-09-24 22:04:55,179,21,low_conf_ppe,review\review_20250924_220455_f179_id21.jpg,0.658,0.097
2025-09-24 22:04:55,180,21,low_conf_ppe,review\review_20250924_220455_f180_id21.jpg,0.671,0.063
2025-09-24 22:04:55,181,21,low_conf_ppe,review\review_20250924_220455_f181_id21.jpg,0.683,0.168
2025-09-24 22:04:55,184,21,low_conf_ppe,review\review_20250924_220455_f184_id21.jpg,0.701,0.173
2025-09-24 22:04:55,187,21,low_conf_ppe,review\review_20250924_220455_f187_id21.jpg,0.71,0.158
2025-09-24 22:04:55,188,21,low_conf_ppe,review\review_20250924_220455_f188_id21.jpg,0.711,0.103
2025-09-24 22:04:55,189,21,low_conf_ppe,review\review_20250924_220455_f189_id21.jpg,0.711,0.067
2025-09-24 22:04:55,190,21,low_conf_ppe,review\review_20250924_220455_f190_id21.jpg,0.7,0.043
2025-09-24 22:04:56,191,21,low_conf_ppe,review\review_20250924_220456_f191_id21.jpg,0.696,0.028
2025-09-24 22:04:56,192,21,low_conf_ppe,review\review_20250924_220456_f192_id21.jpg,0.692,0.018

2025-09-24 22:07:58,3,2,low_conf_ppe,review\review_20250924_220758_f3_id2.jpg,0.091,0.0
2025-09-24 22:07:58,4,2,low_conf_ppe,review\review_20250924_220758_f4_id2.jpg,0.151,0.0
2025-09-24 22:07:59,5,2,low_conf_ppe,review\review_20250924_220759_f5_id2.jpg,0.098,0.0
2025-09-24 22:07:59,6,2,low_conf_ppe,review\review_20250924_220759_f6_id2.jpg,0.064,0.0
2025-09-24 22:07:59,7,2,low_conf_ppe,review\review_20250924_220759_f7_id2.jpg,0.041,0.0
2025-09-24 22:07:59,8,2,low_conf_ppe,review\review_20250924_220759_f8_id2.jpg,0.027,0.0
2025-09-24 22:07:59,9,2,low_conf_ppe,review\review_20250924_220759_f9_id2.jpg,0.126,0.0
2025-09-24 22:08:01,23,3,low_conf_ppe,review\review_20250924_220801_f23_id3.jpg,0.0,0.124
2025-09-24 22:08:01,24,3,low_conf_ppe,review\review_20250924_220801_f24_id3.jpg,0.09,0.221
2025-09-24 22:08:02,25,3,low_conf_ppe,review\review_20250924_220802_f25_id3.jpg,0.153,0.27
2025-09-24 22:08:02,26,3,low_conf_ppe,review\review_20250924_220802_f26_id3.jpg,0.099,0.272
2025-09-24 22:08:02,27,3,low_conf_ppe,review\review_20250924_220802_f27_id3.jpg,0.065,0.268
2025-09-24 22:08:02,28,3,low_conf_ppe,review\review_20250924_220802_f28_id3.jpg,0.042,0.174
2025-09-24 22:08:02,29,3,low_conf_ppe,review\review_20250924_220802_f29_id3.jpg,0.027,0.113
2025-09-24 22:08:02,31,3,low_conf_ppe,review\review_20250924_220802_f31_id3.jpg,0.0,0.001
2025-09-24 22:08:02,32,3,low_conf_ppe,review\review_20250924_220802_f32_id3.jpg,0.0,0.001
2025-09-24 22:08:03,33,3,low_conf_ppe,review\review_20250924_220803_f33_id3.jpg,0.0,0.001
2025-09-24 22:08:03,34,3,low_conf_ppe,review\review_20250924_220803_f34_id3.jpg,0.0,0.0
2025-09-24 22:08:03,35,3,low_conf_ppe,review\review_20250924_220803_f35_id3.jpg,0.0,0.0
2025-09-24 22:08:03,36,3,low_conf_ppe,review\review_20250924_220803_f36_id3.jpg,0.0,0.0
2025-09-24 22:08:03,37,3,low_conf_ppe,review\review_20250924_220803_f37_id3.jpg,0.094,0.134
2025-09-24 22:08:03,38,3,low_conf_ppe,review\review_20250924_220803_f38_id3.jpg,0.061,0.087
2025-09-24 22:08:03,39,3,low_conf_ppe,review\review_20250924_220803_f39_id3.jpg,0.158,0.057
2025-09-24 22:08:03,40,3,low_conf_ppe,review\review_20250924_220803_f40_id3.jpg,0.102,0.037
2025-09-24 22:08:04,44,6,low_conf_ppe,review\review_20250924_220804_f44_id6.jpg,0.444,0.095
2025-09-24 22:08:05,52,9,low_conf_ppe,review\review_20250924_220805_f52_id9.jpg,0.091,0.0
2025-09-24 22:08:05,53,9,low_conf_ppe,review\review_20250924_220805_f53_id9.jpg,0.059,0.0
2025-09-24 22:08:06,59,10,low_conf_ppe,review\review_20250924_220806_f59_id10.jpg,0.142,0.0
2025-09-24 22:08:06,60,10,low_conf_ppe,review\review_20250924_220806_f60_id10.jpg,0.092,0.0
2025-09-24 22:08:06,62,11,low_conf_ppe,review\review_20250924_220806_f62_id11.jpg,0.0,0.19
2025-09-24 22:08:07,73,12,low_conf_ppe,review\review_20250924_220807_f73_id12.jpg,0.108,0.321
2025-09-24 22:08:07,74,12,low_conf_ppe,review\review_20250924_220807_f74_id12.jpg,0.07,0.36
2025-09-24 22:08:08,75,12,low_conf_ppe,review\review_20250924_220808_f75_id12.jpg,0.046,0.234
2025-09-24 22:08:08,76,15,low_conf_ppe,review\review_20250924_220808_f76_id15.jpg,0.0,0.168
2025-09-24 22:08:08,79,15,low_conf_ppe,review\review_20250924_220808_f79_id15.jpg,0.097,0.0
2025-09-24 22:08:09,86,17,low_conf_ppe,review\review_20250924_220809_f86_id17.jpg,0.193,0.0
2025-09-24 22:08:16,156,21,low_conf_ppe,review\review_20250924_220816_f156_id21.jpg,0.192,0.0
2025-09-24 22:08:16,159,21,low_conf_ppe,review\review_20250924_220816_f159_id21.jpg,0.376,0.105
2025-09-24 22:08:17,165,21,low_conf_ppe,review\review_20250924_220817_f165_id21.jpg,0.292,0.138
2025-09-24 22:08:17,166,21,low_conf_ppe,review\review_20250924_220817_f166_id21.jpg,0.304,0.09
2025-09-24 22:08:17,168,21,low_conf_ppe,review\review_20250924_220817_f168_id21.jpg,0.113,0.0
2025-09-24 22:08:17,169,21,low_conf_ppe,review\review_20250924_220817_f169_id21.jpg,0.183,0.0
2025-09-24 22:08:18,179,21,low_conf_ppe,review\review_20250924_220818_f179_id21.jpg,0.658,0.097
2025-09-24 22:08:18,180,21,low_conf_ppe,review\review_20250924_220818_f180_id21.jpg,0.671,0.063
2025-09-24 22:08:19,181,21,low_conf_ppe,review\review_20250924_220819_f181_id21.jpg,0.683,0.168
2025-09-24 22:08:19,184,21,low_conf_ppe,review\review_20250924_220819_f184_id21.jpg,0.701,0.173
2025-09-24 22:08:19,187,21,low_conf_ppe,review\review_20250924_220819_f187_id21.jpg,0.71,0.158
2025-09-24 22:08:19,188,21,low_conf_ppe,review\review_20250924_220819_f188_id21.jpg,0.711,0.103
2025-09-24 22:08:19,189,21,low_conf_ppe,review\review_20250924_220819_f189_id21.jpg,0.711,0.067
2025-09-24 22:08:20,190,21,low_conf_ppe,review\review_20250924_220819_f190_id21.jpg,0.7,0.043
2025-09-24 22:08:20,191,21,low_conf_ppe,review\review_20250924_220820_f191_id21.jpg,0.696,0.028
2025-09-24 22:08:20,192,21,low_conf_ppe,review\review_20250924_220820_f192_id21.jpg,0.692,0.018

2025-09-24 22:08:43,23,8,low_conf_ppe,review\review_20250924_220843_f23_id8.jpg,0.0,0.151
2025-09-24 22:08:43,24,8,low_conf_ppe,review\review_20250924_220843_f24_id8.jpg,0.0,0.098
2025-09-24 22:08:45,41,8,low_conf_ppe,review\review_20250924_220845_f41_id8.jpg,0.13,0.622
2025-09-24 22:08:46,47,14,low_conf_ppe,review\review_20250924_220846_f47_id14.jpg,0.186,0.098
2025-09-24 22:08:46,48,14,low_conf_ppe,review\review_20250924_220846_f48_id14.jpg,0.291,0.192
2025-09-24 22:08:48,64,16,low_conf_ppe,review\review_20250924_220848_f64_id16.jpg,0.166,0.0
2025-09-24 22:08:48,70,10,low_conf_ppe,review\review_20250924_220848_f70_id10.jpg,0.186,0.852
2025-09-24 22:08:49,71,10,low_conf_ppe,review\review_20250924_220849_f71_id10.jpg,0.121,0.851
2025-09-24 22:08:49,72,10,low_conf_ppe,review\review_20250924_220849_f72_id10.jpg,0.078,0.853
2025-09-24 22:08:49,73,10,low_conf_ppe,review\review_20250924_220849_f73_id10.jpg,0.15,0.86
2025-09-24 22:08:49,74,10,low_conf_ppe,review\review_20250924_220849_f74_id10.jpg,0.097,0.865
2025-09-24 22:08:49,75,10,low_conf_ppe,review\review_20250924_220849_f75_id10.jpg,0.063,0.87
2025-09-24 22:08:49,76,10,low_conf_ppe,review\review_20250924_220849_f76_id10.jpg,0.041,0.867
2025-09-24 22:08:49,77,10,low_conf_ppe,review\review_20250924_220849_f77_id10.jpg,0.027,0.86
2025-09-24 22:08:49,78,10,low_conf_ppe,review\review_20250924_220849_f78_id10.jpg,0.017,0.853
2025-09-24 22:08:50,79,10,low_conf_ppe,review\review_20250924_220850_f79_id10.jpg,0.166,0.847
2025-09-24 22:08:50,83,10,low_conf_ppe,review\review_20250924_220850_f83_id10.jpg,0.194,0.824
2025-09-24 22:08:50,84,10,low_conf_ppe,review\review_20250924_220850_f84_id10.jpg,0.126,0.806
2025-09-24 22:08:50,85,10,low_conf_ppe,review\review_20250924_220850_f85_id10.jpg,0.174,0.771
2025-09-24 22:08:51,87,10,low_conf_ppe,review\review_20250924_220851_f87_id10.jpg,0.186,0.748
2025-09-24 22:08:53,109,17,low_conf_ppe,review\review_20250924_220853_f109_id17.jpg,0.142,0.691
2025-09-24 22:08:53,111,17,low_conf_ppe,review\review_20250924_220853_f111_id17.jpg,0.166,0.7

2025-09-24 22:10:37,23,8,low_conf_ppe,review\review_20250924_221037_f23_id8.jpg,0.0,0.151
2025-09-24 22:10:37,24,8,low_conf_ppe,review\review_20250924_221037_f24_id8.jpg,0.0,0.098
2025-09-24 22:10:40,41,8,low_conf_ppe,review\review_20250924_221040_f41_id8.jpg,0.13,0.622
2025-09-24 22:10:40,47,14,low_conf_ppe,review\review_20250924_221040_f47_id14.jpg,0.186,0.098
2025-09-24 22:10:41,48,14,low_conf_ppe,review\review_20250924_221041_f48_id14.jpg,0.291,0.192
2025-09-24 22:10:43,64,16,low_conf_ppe,review\review_20250924_221043_f64_id16.jpg,0.166,0.0
2025-09-24 22:10:43,70,10,low_conf_ppe,review\review_20250924_221043_f70_id10.jpg,0.186,0.852
2025-09-24 22:10:44,71,10,low_conf_ppe,review\review_20250924_221044_f71_id10.jpg,0.121,0.851
2025-09-24 22:10:44,72,10,low_conf_ppe,review\review_20250924_221044_f72_id10.jpg,0.078,0.853
2025-09-24 22:10:44,73,10,low_conf_ppe,review\review_20250924_221044_f73_id10.jpg,0.15,0.86
2025-09-24 22:10:44,74,10,low_conf_ppe,review\review_20250924_221044_f74_id10.jpg,0.097,0.865
2025-09-24 22:10:44,75,10,low_conf_ppe,review\review_20250924_221044_f75_id10.jpg,0.063,0.87
2025-09-24 22:10:44,76,10,low_conf_ppe,review\review_20250924_221044_f76_id10.jpg,0.041,0.867
2025-09-24 22:10:44,77,10,low_conf_ppe,review\review_20250924_221044_f77_id10.jpg,0.027,0.86
2025-09-24 22:10:45,78,10,low_conf_ppe,review\review_20250924_221045_f78_id10.jpg,0.017,0.853
2025-09-24 22:10:45,79,10,low_conf_ppe,review\review_20250924_221045_f79_id10.jpg,0.166,0.847
2025-09-24 22:10:45,83,10,low_conf_ppe,review\review_20250924_221045_f83_id10.jpg,0.194,0.824
2025-09-24 22:10:45,84,10,low_conf_ppe,review\review_20250924_221045_f84_id10.jpg,0.126,0.806
2025-09-24 22:10:46,85,10,low_conf_ppe,review\review_20250924_221046_f85_id10.jpg,0.174,0.771
2025-09-24 22:10:46,87,10,low_conf_ppe,review\review_20250924_221046_f87_id10.jpg,0.186,0.748
2025-09-24 22:10:49,109,17,low_conf_ppe,review\review_20250924_221049_f109_id17.jpg,0.142,0.691
2025-09-24 22:10:49,111,17,low_conf_ppe,review\review_20250924_221049_f111_id17.jpg,0.166,0.7

2025-09-24 22:11:09,23,8,low_conf_ppe,review\review_20250924_221109_f23_id8.jpg,0.0,0.151
2025-09-24 22:11:09,24,8,low_conf_ppe,review\review_20250924_221109_f24_id8.jpg,0.0,0.098
2025-09-24 22:11:11,41,8,low_conf_ppe,review\review_20250924_221111_f41_id8.jpg,0.13,0.622
2025-09-24 22:11:12,47,14,low_conf_ppe,review\review_20250924_221112_f47_id14.jpg,0.186,0.098
2025-09-24 22:11:12,48,14,low_conf_ppe,review\review_20250924_221112_f48_id14.jpg,0.291,0.192
2025-09-24 22:11:14,64,16,low_conf_ppe,review\review_20250924_221114_f64_id16.jpg,0.166,0.0
2025-09-24 22:11:15,70,10,low_conf_ppe,review\review_20250924_221115_f70_id10.jpg,0.186,0.852
2025-09-24 22:11:15,71,10,low_conf_ppe,review\review_20250924_221115_f71_id10.jpg,0.121,0.851
2025-09-24 22:11:15,72,10,low_conf_ppe,review\review_20250924_221115_f72_id10.jpg,0.078,0.853
2025-09-24 22:11:15,73,10,low_conf_ppe,review\review_20250924_221115_f73_id10.jpg,0.15,0.86
2025-09-24 22:11:15,74,10,low_conf_ppe,review\review_20250924_221115_f74_id10.jpg,0.097,0.865
2025-09-24 22:11:15,75,10,low_conf_ppe,review\review_20250924_221115_f75_id10.jpg,0.063,0.87
2025-09-24 22:11:15,76,10,low_conf_ppe,review\review_20250924_221115_f76_id10.jpg,0.041,0.867
2025-09-24 22:11:16,77,10,low_conf_ppe,review\review_20250924_221115_f77_id10.jpg,0.027,0.86
2025-09-24 22:11:16,78,10,low_conf_ppe,review\review_20250924_221116_f78_id10.jpg,0.017,0.853
2025-09-24 22:11:16,79,10,low_conf_ppe,review\review_20250924_221116_f79_id10.jpg,0.166,0.847
2025-09-24 22:11:16,83,10,low_conf_ppe,review\review_20250924_221116_f83_id10.jpg,0.194,0.824
2025-09-24 22:11:16,84,10,low_conf_ppe,review\review_20250924_221116_f84_id10.jpg,0.126,0.806
2025-09-24 22:11:16,85,10,low_conf_ppe,review\review_20250924_221116_f85_id10.jpg,0.174,0.771
2025-09-24 22:11:17,87,10,low_conf_ppe,review\review_20250924_221117_f87_id10.jpg,0.186,0.748
2025-09-24 22:11:19,109,17,low_conf_ppe,review\review_20250924_221119_f109_id17.jpg,0.142,0.691
2025-09-24 22:11:19,111,17,low_conf_ppe,review\review_20250924_221119_f111_id17.jpg,0.166,0.7

2025-09-24 22:11:41,23,8,low_conf_ppe,review\review_20250924_221141_f23_id8.jpg,0.0,0.151
2025-09-24 22:11:41,24,8,low_conf_ppe,review\review_20250924_221141_f24_id8.jpg,0.0,0.098
2025-09-24 22:11:43,41,8,low_conf_ppe,review\review_20250924_221143_f41_id8.jpg,0.13,0.622
2025-09-24 22:11:44,47,14,low_conf_ppe,review\review_20250924_221144_f47_id14.jpg,0.186,0.098
2025-09-24 22:11:44,48,14,low_conf_ppe,review\review_20250924_221144_f48_id14.jpg,0.291,0.192
2025-09-24 22:11:46,64,16,low_conf_ppe,review\review_20250924_221146_f64_id16.jpg,0.166,0.0
2025-09-24 22:11:47,70,10,low_conf_ppe,review\review_20250924_221147_f70_id10.jpg,0.186,0.852
2025-09-24 22:11:47,71,10,low_conf_ppe,review\review_20250924_221147_f71_id10.jpg,0.121,0.851
2025-09-24 22:11:47,72,10,low_conf_ppe,review\review_20250924_221147_f72_id10.jpg,0.078,0.853
2025-09-24 22:11:47,73,10,low_conf_ppe,review\review_20250924_221147_f73_id10.jpg,0.15,0.86
2025-09-24 22:11:47,74,10,low_conf_ppe,review\review_20250924_221147_f74_id10.jpg,0.097,0.865
2025-09-24 22:11:47,75,10,low_conf_ppe,review\review_20250924_221147_f75_id10.jpg,0.063,0.87
2025-09-24 22:11:47,76,10,low_conf_ppe,review\review_20250924_221147_f76_id10.jpg,0.041,0.867
2025-09-24 22:11:48,77,10,low_conf_ppe,review\review_20250924_221148_f77_id10.jpg,0.027,0.86
2025-09-24 22:11:48,78,10,low_conf_ppe,review\review_20250924_221148_f78_id10.jpg,0.017,0.853
2025-09-24 22:11:48,79,10,low_conf_ppe,review\review_20250924_221148_f79_id10.jpg,0.166,0.847
2025-09-24 22:11:48,83,10,low_conf_ppe,review\review_20250924_221148_f83_id10.jpg,0.194,0.824
2025-09-24 22:11:48,84,10,low_conf_ppe,review\review_20250924_221148_f84_id10.jpg,0.126,0.806
2025-09-24 22:11:49,85,10,low_conf_ppe,review\review_20250924_221149_f85_id10.jpg,0.174,0.771
2025-09-24 22:11:49,87,10,low_conf_ppe,review\review_20250924_221149_f87_id10.jpg,0.186,0.748
2025-09-24 22:11:51,109,17,low_conf_ppe,review\review_20250924_221151_f109_id17.jpg,0.142,0.691
2025-09-24 22:11:51,111,17,low_conf_ppe,review\review_20250924_221151_f111_id17.jpg,0.166,0.7

2025-09-24 22:13:42,1,3,low_conf_ppe,review\review_20250924_221342_f1_id3.jpg,0.225,0.109
2025-09-24 22:13:43,2,3,low_conf_ppe,review\review_20250924_221343_f2_id3.jpg,0.361,0.17
2025-09-24 22:13:43,4,3,low_conf_ppe,review\review_20250924_221343_f4_id3.jpg,0.505,0.133
2025-09-24 22:13:43,5,3,low_conf_ppe,review\review_20250924_221343_f5_id3.jpg,0.541,0.086
2025-09-24 22:13:43,6,4,low_conf_ppe,review\review_20250924_221343_f6_id4.jpg,0.58,0.097
2025-09-24 22:13:43,6,3,low_conf_ppe,review\review_20250924_221343_f6_id3.jpg,0.566,0.056
2025-09-24 22:13:43,7,4,low_conf_ppe,review\review_20250924_221343_f7_id4.jpg,0.58,0.152
2025-09-24 22:13:43,7,3,low_conf_ppe,review\review_20250924_221343_f7_id3.jpg,0.584,0.036
2025-09-24 22:13:44,8,4,low_conf_ppe,review\review_20250924_221344_f8_id4.jpg,0.569,0.099
2025-09-24 22:13:44,8,3,low_conf_ppe,review\review_20250924_221344_f8_id3.jpg,0.593,0.024
2025-09-24 22:13:44,9,4,low_conf_ppe,review\review_20250924_221344_f9_id4.jpg,0.588,0.064
2025-09-24 22:13:44,9,3,low_conf_ppe,review\review_20250924_221344_f9_id3.jpg,0.587,0.108
2025-09-24 22:13:44,10,4,low_conf_ppe,review\review_20250924_221344_f10_id4.jpg,0.62,0.042
2025-09-24 22:13:44,10,3,low_conf_ppe,review\review_20250924_221344_f10_id3.jpg,0.581,0.163
2025-09-24 22:13:45,20,4,low_conf_ppe,review\review_20250924_221345_f20_id4.jpg,0.186,0.0
2025-09-24 22:13:46,26,17,low_conf_ppe,review\review_20250924_221346_f26_id17.jpg,0.098,0.0
2025-09-24 22:13:46,28,1,low_conf_ppe,review\review_20250924_221346_f28_id1.jpg,0.75,0.111
2025-09-24 22:13:46,29,1,low_conf_ppe,review\review_20250924_221346_f29_id1.jpg,0.77,0.072
2025-09-24 22:13:46,30,17,low_conf_ppe,review\review_20250924_221346_f30_id17.jpg,0.0,0.094
2025-09-24 22:13:46,30,1,low_conf_ppe,review\review_20250924_221346_f30_id1.jpg,0.76,0.047
2025-09-24 22:13:46,31,17,low_conf_ppe,review\review_20250924_221346_f31_id17.jpg,0.0,0.164
2025-09-24 22:13:46,31,1,low_conf_ppe,review\review_20250924_221346_f31_id1.jpg,0.762,0.031
2025-09-24 22:13:47,32,1,low_conf_ppe,review\review_20250924_221347_f32_id1.jpg,0.763,0.02
2025-09-24 22:13:47,33,1,low_conf_ppe,review\review_20250924_221347_f33_id1.jpg,0.77,0.013
2025-09-24 22:13:47,34,17,low_conf_ppe,review\review_20250924_221347_f34_id17.jpg,0.0,0.156
2025-09-24 22:13:47,34,1,low_conf_ppe,review\review_20250924_221347_f34_id1.jpg,0.775,0.008
2025-09-24 22:13:47,35,17,low_conf_ppe,review\review_20250924_221347_f35_id17.jpg,0.0,0.101
2025-09-24 22:13:47,35,1,low_conf_ppe,review\review_20250924_221347_f35_id1.jpg,0.775,0.005
2025-09-24 22:13:47,36,1,low_conf_ppe,review\review_20250924_221347_f36_id1.jpg,0.776,0.004
2025-09-24 22:13:47,37,1,low_conf_ppe,review\review_20250924_221347_f37_id1.jpg,0.771,0.002
2025-09-24 22:13:48,38,1,low_conf_ppe,review\review_20250924_221347_f38_id1.jpg,0.784,0.001
2025-09-24 22:13:48,39,3,low_conf_ppe,review\review_20250924_221348_f39_id3.jpg,0.521,0.133
2025-09-24 22:13:48,39,1,low_conf_ppe,review\review_20250924_221348_f39_id1.jpg,0.785,0.001
2025-09-24 22:13:48,40,3,low_conf_ppe,review\review_20250924_221348_f40_id3.jpg,0.51,0.086
2025-09-24 22:13:48,40,1,low_conf_ppe,review\review_20250924_221348_f40_id1.jpg,0.785,0.001
2025-09-24 22:13:48,41,3,low_conf_ppe,review\review_20250924_221348_f41_id3.jpg,0.496,0.056
2025-09-24 22:13:48,41,1,low_conf_ppe,review\review_20250924_221348_f41_id1.jpg,0.794,0.0
2025-09-24 22:13:48,42,3,low_conf_ppe,review\review_20250924_221348_f42_id3.jpg,0.495,0.037
2025-09-24 22:13:48,42,1,low_conf_ppe,review\review_20250924_221348_f42_id1.jpg,0.786,0.0
2025-09-24 22:13:48,43,3,low_conf_ppe,review\review_20250924_221348_f43_id3.jpg,0.497,0.024
2025-09-24 22:13:48,43,1,low_conf_ppe,review\review_20250924_221348_f43_id1.jpg,0.763,0.0
2025-09-24 22:13:48,44,3,low_conf_ppe,review\review_20250924_221348_f44_id3.jpg,0.496,0.015
2025-09-24 22:13:48,44,1,low_conf_ppe,review\review_20250924_221348_f44_id1.jpg,0.769,0.0
2025-09-24 22:13:48,45,3,low_conf_ppe,review\review_20250924_221348_f45_id3.jpg,0.491,0.01
2025-09-24 22:13:48,45,1,low_conf_ppe,review\review_20250924_221348_f45_id1.jpg,0.773,0.0
2025-09-24 22:13:49,46,3,low_conf_ppe,review\review_20250924_221349_f46_id3.jpg,0.493,0.007
2025-09-24 22:13:49,46,1,low_conf_ppe,review\review_20250924_221349_f46_id1.jpg,0.779,0.0
2025-09-24 22:13:49,47,3,low_conf_ppe,review\review_20250924_221349_f47_id3.jpg,0.494,0.004
2025-09-24 22:13:49,47,1,low_conf_ppe,review\review_20250924_221349_f47_id1.jpg,0.78,0.0
2025-09-24 22:13:49,48,3,low_conf_ppe,review\review_20250924_221349_f48_id3.jpg,0.492,0.003
2025-09-24 22:13:49,48,1,low_conf_ppe,review\review_20250924_221349_f48_id1.jpg,0.763,0.0
2025-09-24 22:13:49,49,3,low_conf_ppe,review\review_20250924_221349_f49_id3.jpg,0.499,0.002
2025-09-24 22:13:49,49,1,low_conf_ppe,review\review_20250924_221349_f49_id1.jpg,0.759,0.0
2025-09-24 22:13:49,50,3,low_conf_ppe,review\review_20250924_221349_f50_id3.jpg,0.5,0.001
2025-09-24 22:13:49,50,1,low_conf_ppe,review\review_20250924_221349_f50_id1.jpg,0.758,0.0
2025-09-24 22:13:49,51,1,low_conf_ppe,review\review_20250924_221349_f51_id1.jpg,0.754,0.095
2025-09-24 22:13:49,51,3,low_conf_ppe,review\review_20250924_221349_f51_id3.jpg,0.498,0.001
2025-09-24 22:13:49,52,1,low_conf_ppe,review\review_20250924_221349_f52_id1.jpg,0.754,0.159
2025-09-24 22:13:49,52,3,low_conf_ppe,review\review_20250924_221349_f52_id3.jpg,0.503,0.0
2025-09-24 22:13:50,53,3,low_conf_ppe,review\review_20250924_221350_f53_id3.jpg,0.512,0.0
2025-09-24 22:13:50,53,1,low_conf_ppe,review\review_20250924_221350_f53_id1.jpg,0.757,0.103
2025-09-24 22:13:50,54,3,low_conf_ppe,review\review_20250924_221350_f54_id3.jpg,0.515,0.0
2025-09-24 22:13:50,54,1,low_conf_ppe,review\review_20250924_221350_f54_id1.jpg,0.758,0.16
2025-09-24 22:13:50,55,3,low_conf_ppe,review\review_20250924_221350_f55_id3.jpg,0.527,0.0
2025-09-24 22:13:50,56,3,low_conf_ppe,review\review_20250924_221350_f56_id3.jpg,0.544,0.0
2025-09-24 22:13:50,57,3,low_conf_ppe,review\review_20250924_221350_f57_id3.jpg,0.552,0.0
2025-09-24 22:13:50,58,3,low_conf_ppe,review\review_20250924_221350_f58_id3.jpg,0.569,0.0
2025-09-24 22:13:50,59,3,low_conf_ppe,review\review_20250924_221350_f59_id3.jpg,0.58,0.0
2025-09-24 22:13:50,60,3,low_conf_ppe,review\review_20250924_221350_f60_id3.jpg,0.601,0.095
2025-09-24 22:13:50,61,3,low_conf_ppe,review\review_20250924_221350_f61_id3.jpg,0.62,0.172
2025-09-24 22:13:51,62,4,low_conf_ppe,review\review_20250924_221351_f62_id4.jpg,0.0,0.17
2025-09-24 22:13:51,62,1,low_conf_ppe,review\review_20250924_221351_f62_id1.jpg,0.789,0.134
2025-09-24 22:13:51,63,1,low_conf_ppe,review\review_20250924_221351_f63_id1.jpg,0.791,0.087
2025-09-24 22:13:51,64,1,low_conf_ppe,review\review_20250924_221351_f64_id1.jpg,0.791,0.057
2025-09-24 22:13:51,65,1,low_conf_ppe,review\review_20250924_221351_f65_id1.jpg,0.791,0.037
2025-09-24 22:13:51,66,1,low_conf_ppe,review\review_20250924_221351_f66_id1.jpg,0.795,0.024
2025-09-24 22:13:51,67,1,low_conf_ppe,review\review_20250924_221351_f67_id1.jpg,0.802,0.016
2025-09-24 22:13:51,68,1,low_conf_ppe,review\review_20250924_221351_f68_id1.jpg,0.805,0.01
2025-09-24 22:13:51,69,1,low_conf_ppe,review\review_20250924_221351_f69_id1.jpg,0.799,0.007
2025-09-24 22:13:52,70,1,low_conf_ppe,review\review_20250924_221352_f70_id1.jpg,0.801,0.004
2025-09-24 22:13:52,71,1,low_conf_ppe,review\review_20250924_221352_f71_id1.jpg,0.786,0.13
2025-09-24 22:13:52,73,1,low_conf_ppe,review\review_20250924_221352_f73_id1.jpg,0.783,0.136
2025-09-24 22:13:52,74,1,low_conf_ppe,review\review_20250924_221352_f74_id1.jpg,0.784,0.088
2025-09-24 22:13:52,75,1,low_conf_ppe,review\review_20250924_221352_f75_id1.jpg,0.797,0.057
2025-09-24 22:13:52,76,1,low_conf_ppe,review\review_20250924_221352_f76_id1.jpg,0.789,0.037
2025-09-24 22:13:52,77,1,low_conf_ppe,review\review_20250924_221352_f77_id1.jpg,0.773,0.024
2025-09-24 22:13:53,78,1,low_conf_ppe,review\review_20250924_221353_f78_id1.jpg,0.764,0.016
2025-09-24 22:13:53,79,1,low_conf_ppe,review\review_20250924_221353_f79_id1.jpg,0.78,0.01
2025-09-24 22:13:53,80,1,low_conf_ppe,review\review_20250924_221353_f80_id1.jpg,0.777,0.007
2025-09-24 22:13:53,81,1,low_conf_ppe,review\review_20250924_221353_f81_id1.jpg,0.779,0.004
2025-09-24 22:13:53,82,1,low_conf_ppe,review\review_20250924_221353_f82_id1.jpg,0.785,0.003
2025-09-24 22:13:53,83,1,low_conf_ppe,review\review_20250924_221353_f83_id1.jpg,0.784,0.002
2025-09-24 22:13:53,84,1,low_conf_ppe,review\review_20250924_221353_f84_id1.jpg,0.78,0.001
2025-09-24 22:13:53,85,1,low_conf_ppe,review\review_20250924_221353_f85_id1.jpg,0.775,0.001
2025-09-24 22:13:54,86,1,low_conf_ppe,review\review_20250924_221354_f86_id1.jpg,0.776,0.001
2025-09-24 22:13:54,87,1,low_conf_ppe,review\review_20250924_221354_f87_id1.jpg,0.783,0.0
2025-09-24 22:13:54,88,1,low_conf_ppe,review\review_20250924_221354_f88_id1.jpg,0.785,0.0
2025-09-24 22:13:54,89,1,low_conf_ppe,review\review_20250924_221354_f89_id1.jpg,0.788,0.0
2025-09-24 22:13:54,90,1,low_conf_ppe,review\review_20250924_221354_f90_id1.jpg,0.796,0.0
2025-09-24 22:13:54,91,1,low_conf_ppe,review\review_20250924_221354_f91_id1.jpg,0.796,0.0
2025-09-24 22:13:54,92,1,low_conf_ppe,review\review_20250924_221354_f92_id1.jpg,0.793,0.0
2025-09-24 22:13:54,93,1,low_conf_ppe,review\review_20250924_221354_f93_id1.jpg,0.788,0.0
2025-09-24 22:13:55,94,1,low_conf_ppe,review\review_20250924_221355_f94_id1.jpg,0.796,0.0
2025-09-24 22:13:55,95,1,low_conf_ppe,review\review_20250924_221355_f95_id1.jpg,0.801,0.0
2025-09-24 22:13:55,96,1,low_conf_ppe,review\review_20250924_221355_f96_id1.jpg,0.794,0.0
2025-09-24 22:13:55,97,4,low_conf_ppe,review\review_20250924_221355_f97_id4.jpg,0.0,0.088
2025-09-24 22:13:55,97,1,low_conf_ppe,review\review_20250924_221355_f97_id1.jpg,0.787,0.0
2025-09-24 22:13:55,98,4,low_conf_ppe,review\review_20250924_221355_f98_id4.jpg,0.0,0.057
2025-09-24 22:13:55,98,1,low_conf_ppe,review\review_20250924_221355_f98_id1.jpg,0.79,0.0
2025-09-24 22:13:55,99,1,low_conf_ppe,review\review_20250924_221355_f99_id1.jpg,0.781,0.0
2025-09-24 22:13:55,100,1,low_conf_ppe,review\review_20250924_221355_f100_id1.jpg,0.789,0.0
2025-09-24 22:13:55,101,1,low_conf_ppe,review\review_20250924_221355_f101_id1.jpg,0.782,0.0
2025-09-24 22:13:56,102,1,low_conf_ppe,review\review_20250924_221356_f102_id1.jpg,0.773,0.0
2025-09-24 22:13:56,103,1,low_conf_ppe,review\review_20250924_221356_f103_id1.jpg,0.775,0.0
2025-09-24 22:13:56,104,1,low_conf_ppe,review\review_20250924_221356_f104_id1.jpg,0.769,0.0
2025-09-24 22:13:56,105,1,low_conf_ppe,review\review_20250924_221356_f105_id1.jpg,0.78,0.0
2025-09-24 22:13:56,106,1,low_conf_ppe,review\review_20250924_221356_f106_id1.jpg,0.779,0.0
2025-09-24 22:13:56,107,1,low_conf_ppe,review\review_20250924_221356_f107_id1.jpg,0.784,0.0
2025-09-24 22:13:56,108,1,low_conf_ppe,review\review_20250924_221356_f108_id1.jpg,0.786,0.0
2025-09-24 22:13:57,109,1,low_conf_ppe,review\review_20250924_221357_f109_id1.jpg,0.794,0.0
2025-09-24 22:13:57,110,1,low_conf_ppe,review\review_20250924_221357_f110_id1.jpg,0.804,0.0
2025-09-24 22:13:57,111,1,low_conf_ppe,review\review_20250924_221357_f111_id1.jpg,0.804,0.0
2025-09-24 22:13:57,112,1,low_conf_ppe,review\review_20250924_221357_f112_id1.jpg,0.806,0.0
2025-09-24 22:13:57,113,1,low_conf_ppe,review\review_20250924_221357_f113_id1.jpg,0.801,0.0
2025-09-24 22:13:57,114,1,low_conf_ppe,review\review_20250924_221357_f114_id1.jpg,0.801,0.0
2025-09-24 22:13:57,115,1,low_conf_ppe,review\review_20250924_221357_f115_id1.jpg,0.804,0.0
2025-09-24 22:13:58,116,1,low_conf_ppe,review\review_20250924_221358_f116_id1.jpg,0.811,0.0
2025-09-24 22:13:58,117,1,low_conf_ppe,review\review_20250924_221358_f117_id1.jpg,0.813,0.0
2025-09-24 22:13:58,118,1,low_conf_ppe,review\review_20250924_221358_f118_id1.jpg,0.813,0.0
2025-09-24 22:13:58,119,1,low_conf_ppe,review\review_20250924_221358_f119_id1.jpg,0.826,0.0
2025-09-24 22:13:58,120,1,low_conf_ppe,review\review_20250924_221358_f120_id1.jpg,0.819,0.0
2025-09-24 22:13:58,121,3,low_conf_ppe,review\review_20250924_221358_f121_id3.jpg,0.163,0.613
2025-09-24 22:13:58,121,1,low_conf_ppe,review\review_20250924_221358_f121_id1.jpg,0.817,0.0
2025-09-24 22:13:58,122,3,low_conf_ppe,review\review_20250924_221358_f122_id3.jpg,0.106,0.626
2025-09-24 22:13:58,122,1,low_conf_ppe,review\review_20250924_221358_f122_id1.jpg,0.815,0.0
2025-09-24 22:13:58,123,3,low_conf_ppe,review\review_20250924_221358_f123_id3.jpg,0.069,0.635
2025-09-24 22:13:58,123,1,low_conf_ppe,review\review_20250924_221358_f123_id1.jpg,0.816,0.0
2025-09-24 22:13:59,124,3,low_conf_ppe,review\review_20250924_221359_f124_id3.jpg,0.045,0.64
2025-09-24 22:13:59,124,1,low_conf_ppe,review\review_20250924_221359_f124_id1.jpg,0.824,0.0
2025-09-24 22:13:59,125,3,low_conf_ppe,review\review_20250924_221359_f125_id3.jpg,0.029,0.641
2025-09-24 22:13:59,125,1,low_conf_ppe,review\review_20250924_221359_f125_id1.jpg,0.811,0.0
2025-09-24 22:13:59,126,3,low_conf_ppe,review\review_20250924_221359_f126_id3.jpg,0.019,0.644
2025-09-24 22:13:59,126,1,low_conf_ppe,review\review_20250924_221359_f126_id1.jpg,0.821,0.0
2025-09-24 22:13:59,127,3,low_conf_ppe,review\review_20250924_221359_f127_id3.jpg,0.012,0.642
2025-09-24 22:13:59,127,1,low_conf_ppe,review\review_20250924_221359_f127_id1.jpg,0.824,0.0
2025-09-24 22:13:59,128,3,low_conf_ppe,review\review_20250924_221359_f128_id3.jpg,0.008,0.643
2025-09-24 22:13:59,128,1,low_conf_ppe,review\review_20250924_221359_f128_id1.jpg,0.815,0.0
2025-09-24 22:13:59,129,3,low_conf_ppe,review\review_20250924_221359_f129_id3.jpg,0.005,0.418
2025-09-24 22:13:59,129,1,low_conf_ppe,review\review_20250924_221359_f129_id1.jpg,0.816,0.0
2025-09-24 22:13:59,130,3,low_conf_ppe,review\review_20250924_221359_f130_id3.jpg,0.003,0.495
2025-09-24 22:13:59,130,1,low_conf_ppe,review\review_20250924_221359_f130_id1.jpg,0.812,0.0
2025-09-24 22:14:00,131,3,low_conf_ppe,review\review_20250924_221400_f131_id3.jpg,0.002,0.543
2025-09-24 22:14:00,131,1,low_conf_ppe,review\review_20250924_221400_f131_id1.jpg,0.808,0.0
2025-09-24 22:14:00,132,3,low_conf_ppe,review\review_20250924_221400_f132_id3.jpg,0.001,0.578
2025-09-24 22:14:00,132,1,low_conf_ppe,review\review_20250924_221400_f132_id1.jpg,0.8,0.0
2025-09-24 22:14:00,133,3,low_conf_ppe,review\review_20250924_221400_f133_id3.jpg,0.001,0.601
2025-09-24 22:14:00,133,1,low_conf_ppe,review\review_20250924_221400_f133_id1.jpg,0.799,0.0
2025-09-24 22:14:00,134,3,low_conf_ppe,review\review_20250924_221400_f134_id3.jpg,0.001,0.597
2025-09-24 22:14:00,134,1,low_conf_ppe,review\review_20250924_221400_f134_id1.jpg,0.803,0.0
2025-09-24 22:14:00,135,3,low_conf_ppe,review\review_20250924_221400_f135_id3.jpg,0.0,0.597
2025-09-24 22:14:00,135,1,low_conf_ppe,review\review_20250924_221400_f135_id1.jpg,0.797,0.0
2025-09-24 22:14:00,136,3,low_conf_ppe,review\review_20250924_221400_f136_id3.jpg,0.0,0.604
2025-09-24 22:14:00,136,1,low_conf_ppe,review\review_20250924_221400_f136_id1.jpg,0.805,0.0
2025-09-24 22:14:00,137,3,low_conf_ppe,review\review_20250924_221400_f137_id3.jpg,0.0,0.608
2025-09-24 22:14:00,137,1,low_conf_ppe,review\review_20250924_221400_f137_id1.jpg,0.8,0.0
2025-09-24 22:14:01,138,3,low_conf_ppe,review\review_20250924_221401_f138_id3.jpg,0.0,0.616
2025-09-24 22:14:01,138,1,low_conf_ppe,review\review_20250924_221401_f138_id1.jpg,0.797,0.0
2025-09-24 22:14:01,139,3,low_conf_ppe,review\review_20250924_221401_f139_id3.jpg,0.0,0.622
2025-09-24 22:14:01,139,1,low_conf_ppe,review\review_20250924_221401_f139_id1.jpg,0.787,0.0
2025-09-24 22:14:01,140,3,low_conf_ppe,review\review_20250924_221401_f140_id3.jpg,0.0,0.633
2025-09-24 22:14:01,140,1,low_conf_ppe,review\review_20250924_221401_f140_id1.jpg,0.785,0.0
2025-09-24 22:14:01,141,3,low_conf_ppe,review\review_20250924_221401_f141_id3.jpg,0.0,0.635
2025-09-24 22:14:01,141,1,low_conf_ppe,review\review_20250924_221401_f141_id1.jpg,0.787,0.0
2025-09-24 22:14:01,142,3,low_conf_ppe,review\review_20250924_221401_f142_id3.jpg,0.0,0.634
2025-09-24 22:14:01,142,1,low_conf_ppe,review\review_20250924_221401_f142_id1.jpg,0.787,0.0
2025-09-24 22:14:01,143,3,low_conf_ppe,review\review_20250924_221401_f143_id3.jpg,0.0,0.63
2025-09-24 22:14:01,143,1,low_conf_ppe,review\review_20250924_221401_f143_id1.jpg,0.783,0.0
2025-09-24 22:14:01,144,3,low_conf_ppe,review\review_20250924_221401_f144_id3.jpg,0.0,0.629
2025-09-24 22:14:01,144,1,low_conf_ppe,review\review_20250924_221401_f144_id1.jpg,0.778,0.0
2025-09-24 22:14:01,145,3,low_conf_ppe,review\review_20250924_221401_f145_id3.jpg,0.0,0.632
2025-09-24 22:14:01,145,1,low_conf_ppe,review\review_20250924_221401_f145_id1.jpg,0.778,0.0
2025-09-24 22:14:02,146,3,low_conf_ppe,review\review_20250924_221402_f146_id3.jpg,0.0,0.641
2025-09-24 22:14:02,146,1,low_conf_ppe,review\review_20250924_221402_f146_id1.jpg,0.777,0.0
2025-09-24 22:14:02,147,3,low_conf_ppe,review\review_20250924_221402_f147_id3.jpg,0.0,0.647
2025-09-24 22:14:02,147,1,low_conf_ppe,review\review_20250924_221402_f147_id1.jpg,0.79,0.0
2025-09-24 22:14:02,148,3,low_conf_ppe,review\review_20250924_221402_f148_id3.jpg,0.0,0.641
2025-09-24 22:14:02,148,36,low_conf_ppe,review\review_20250924_221402_f148_id36.jpg,0.0,0.13
2025-09-24 22:14:02,148,1,low_conf_ppe,review\review_20250924_221402_f148_id1.jpg,0.786,0.0
2025-09-24 22:14:02,149,3,low_conf_ppe,review\review_20250924_221402_f149_id3.jpg,0.0,0.625
2025-09-24 22:14:02,149,1,low_conf_ppe,review\review_20250924_221402_f149_id1.jpg,0.781,0.0
2025-09-24 22:14:02,150,3,low_conf_ppe,review\review_20250924_221402_f150_id3.jpg,0.0,0.626
2025-09-24 22:14:02,150,1,low_conf_ppe,review\review_20250924_221402_f150_id1.jpg,0.791,0.0
2025-09-24 22:14:02,151,3,low_conf_ppe,review\review_20250924_221402_f151_id3.jpg,0.0,0.63
2025-09-24 22:14:02,151,1,low_conf_ppe,review\review_20250924_221402_f151_id1.jpg,0.795,0.0
2025-09-24 22:14:02,152,3,low_conf_ppe,review\review_20250924_221402_f152_id3.jpg,0.119,0.632
2025-09-24 22:14:02,152,1,low_conf_ppe,review\review_20250924_221402_f152_id1.jpg,0.797,0.0
2025-09-24 22:14:02,152,36,low_conf_ppe,review\review_20250924_221402_f152_id36.jpg,0.098,0.117
2025-09-24 22:14:03,153,36,low_conf_ppe,review\review_20250924_221403_f153_id36.jpg,0.162,0.195
2025-09-24 22:14:03,153,1,low_conf_ppe,review\review_20250924_221403_f153_id1.jpg,0.796,0.0
2025-09-24 22:14:03,154,1,low_conf_ppe,review\review_20250924_221403_f154_id1.jpg,0.775,0.0
2025-09-24 22:14:03,155,1,low_conf_ppe,review\review_20250924_221403_f155_id1.jpg,0.772,0.0
2025-09-24 22:14:03,156,1,low_conf_ppe,review\review_20250924_221403_f156_id1.jpg,0.754,0.0
2025-09-24 22:14:03,157,1,low_conf_ppe,review\review_20250924_221403_f157_id1.jpg,0.752,0.0
2025-09-24 22:14:03,158,1,low_conf_ppe,review\review_20250924_221403_f158_id1.jpg,0.751,0.0
2025-09-24 22:14:03,159,1,low_conf_ppe,review\review_20250924_221403_f159_id1.jpg,0.76,0.0
2025-09-24 22:14:04,160,1,low_conf_ppe,review\review_20250924_221404_f160_id1.jpg,0.75,0.0
2025-09-24 22:14:04,161,1,low_conf_ppe,review\review_20250924_221404_f161_id1.jpg,0.758,0.0
2025-09-24 22:14:04,162,1,low_conf_ppe,review\review_20250924_221404_f162_id1.jpg,0.765,0.0
2025-09-24 22:14:04,163,1,low_conf_ppe,review\review_20250924_221404_f163_id1.jpg,0.761,0.0
2025-09-24 22:14:04,164,1,low_conf_ppe,review\review_20250924_221404_f164_id1.jpg,0.738,0.0
2025-09-24 22:14:07,189,3,low_conf_ppe,review\review_20250924_221407_f189_id3.jpg,0.04,0.311
2025-09-24 22:14:07,190,3,low_conf_ppe,review\review_20250924_221407_f190_id3.jpg,0.026,0.202
2025-09-24 22:14:07,191,3,low_conf_ppe,review\review_20250924_221407_f191_id3.jpg,0.107,0.132
2025-09-24 22:14:07,192,3,low_conf_ppe,review\review_20250924_221407_f192_id3.jpg,0.168,0.085




















