Timestamp,Violation
2025-09-27 19:02:44,no_helmet
2025-09-27 19:02:45,no_helmet
2025-09-27 19:02:45,no_helmet
2025-09-27 19:02:47,no_vest
2025-09-27 19:02:47,no_vest
2025-09-27 19:02:48,no_vest
2025-09-27 19:02:48,no_vest
2025-09-27 19:02:49,no_helmet
2025-09-27 19:02:54,no_helmet
2025-09-27 19:02:55,no_helmet
2025-09-27 19:02:56,no_helmet
2025-09-27 19:02:56,no_vest
2025-09-27 19:03:02,no_helmet
2025-09-27 19:03:03,no_mask
2025-09-27 19:03:03,no_helmet
2025-09-27 19:03:03,no_helmet
2025-09-27 19:03:03,no_mask
2025-09-27 19:03:03,no_mask
2025-09-27 19:03:03,no_helmet
2025-09-27 19:03:03,no_vest
2025-09-27 19:03:03,no_helmet
2025-09-27 19:03:03,no_helmet
2025-09-27 19:03:04,no_mask
2025-09-27 19:03:04,no_mask
2025-09-27 19:03:04,no_helmet
2025-09-27 19:03:05,no_vest
2025-09-27 19:03:05,no_mask
2025-09-27 19:03:06,no_mask
2025-09-27 19:03:06,no_helmet
2025-09-27 19:03:06,no_mask
2025-09-27 19:03:06,no_vest
2025-09-27 19:03:07,no_mask
2025-09-27 19:03:07,no_vest
2025-09-27 19:03:07,no_mask
2025-09-27 19:03:08,no_mask
